,University,rank,Country,Latitude,Longitude,rank cluster
0,MASSACHUSETTS INSTITUTE OF TECHNOLOGY (MIT),1,United States,42.360091,-71.09416,0
1,STANFORD UNIVERSITY,2,United States,37.4274745,-122.169719,0
2,HARVARD UNIVERSITY,3,United States,42.3770029,-71.11666009999998,0
3,CALIFORNIA INSTITUTE OF TECHNOLOGY (CALTECH),4,United States,34.1376576,-118.12526899999999,0
4,UNIVERSITY OF OXFORD,5,United Kingdom,51.754816399999996,-1.2543668,0
5,UNIVERSITY OF CAMBRIDGE,6,United Kingdom,52.204266600000004,0.1149085,0
6,ETH ZURICH (SWISS FEDERAL INSTITUTE OF TECHNOLOGY),7,Switzerland,47.376313,8.547669899999999,0
7,IMPERIAL COLLEGE LONDON,8,United Kingdom,51.498799700000006,-0.1748772,0
8,UNIVERSITY OF CHICAGO,9,United States,41.788607899999995,-87.59871329999999,0
9,UCL (UNIVERSITY COLLEGE LONDON),10,United Kingdom,51.524275300000006,-0.1333603,0
10,NATIONAL UNIVERSITY OF SINGAPORE (NUS),11,Singapore,1.2966426000000002,103.7763939,0
11,NANYANG TECHNOLOGICAL UNIVERSITY (NTU),12,Singapore,1.3483098999999998,103.68313470000001,0
12,PRINCETON UNIVERSITY,13,United States,40.3430942,-74.65507389999998,0
13,CORNELL UNIVERSITY,14,United States,42.4534492,-76.4735027,0
14,YALE UNIVERSITY,15,United States,41.3163244,-72.92234309999998,0
15,COLUMBIA UNIVERSITY,16,United States,40.8075355,-73.96257270000001,0
16,TSINGHUA UNIVERSITY,17,China,39.9996674,116.3264439,0
17,UNIVERSITY OF EDINBURGH,18,United Kingdom,55.94451579999999,-3.1892412999999995,0
18,UNIVERSITY OF PENNSYLVANIA,19,United States,39.9522188,-75.1932137,0
19,UNIVERSITY OF MICHIGAN,20,United States,42.2780436,-83.7382241,0
20,JOHNS HOPKINS UNIVERSITY,21,United States,39.329901299999996,-76.62051770000001,0
21,ÉCOLE POLYTECHNIQUE FÉDÉRALE DE LAUSANNE (EPFL),22,Switzerland,46.5190557,6.5667576,0
22,THE UNIVERSITY OF TOKYO,23,Japan,35.712677500000005,139.761989,0
23,AUSTRALIAN NATIONAL UNIVERSITY (ANU),24,Australia,-35.2776999,149.118527,0
24,UNIVERSITY OF HONG KONG (HKU),25,Hong Kong,22.282998899999996,114.1370848,0
25,DUKE UNIVERSITY,26,United States,36.0014258,-78.9382286,0
26,"UNIVERSITY OF CALIFORNIA, BERKELEY (UCB)",27,United States,37.8718992,-122.2585399,0
27,UNIVERSITY OF TORONTO,28,Canada,43.6628917,-79.39565640000002,0
28,THE UNIVERSITY OF MANCHESTER,29,United Kingdom,53.466849800000006,-2.2338837000000002,0
29,PEKING UNIVERSITY,30,China,39.986913,116.30587390000001,0
30,KING'S COLLEGE LONDON (KCL),31,United Kingdom,51.5114864,-0.115997,0
31,"UNIVERSITY OF CALIFORNIA, LOS ANGELES (UCLA)",32,United States,34.068921,-118.4451811,0
33,NORTHWESTERN UNIVERSITY,34,United States,42.0564594,-87.67526699999998,0
34,KYOTO UNIVERSITY,35,Japan,35.026244399999996,135.7808218,0
35,SEOUL NATIONAL UNIVERSITY (SNU),36,South Korea,37.459882,126.9519053,0
36,THE HONG KONG UNIVERSITY OF SCIENCE AND TECHNOLOGY (HKUST),37,Hong Kong,22.336399800000002,114.2654655,0
37,LONDON SCHOOL OF ECONOMICS AND POLITICAL SCIENCE (LSE),38,United Kingdom,51.5144388,-0.1164513,0
38,THE UNIVERSITY OF MELBOURNE,39,Australia,-37.798345899999994,144.960974,0
39,KAIST - KOREA ADVANCED INSTITUTE OF SCIENCE AND TECHNOLOGY,40,South Korea,36.372142700000005,127.36039,0
40,"UNIVERSITY OF CALIFORNIA, SAN DIEGO (UCSD)",41,United States,32.8800604,-117.2340135,0
41,THE UNIVERSITY OF SYDNEY,42,Australia,-33.888584,151.18734730000003,0
42,NEW YORK UNIVERSITY (NYU),43,United States,40.72951339999999,-73.9964609,0
43,FUDAN UNIVERSITY,44,China,31.2974197,121.5036178,0
44,THE UNIVERSITY OF NEW SOUTH WALES (UNSW),45,Australia,-33.917347,151.2312675,0
45,CARNEGIE MELLON UNIVERSITY,46,United States,40.4428081,-79.94301279999998,0
46,UNIVERSITY OF BRITISH COLUMBIA,47,Canada,49.26060520000001,-123.24599380000001,0
47,THE UNIVERSITY OF QUEENSLAND (UQ),48,Australia,-27.4975028,153.0136905,0
48,THE CHINESE UNIVERSITY OF HONG KONG (CUHK),49,Hong Kong,22.4195827,114.20676040000001,0
49,PSL UNIVERSITY,50,France,48.854660100000004,2.3378212000000005,0
50,UNIVERSITY OF BRISTOL,51,United Kingdom,51.4584172,-2.6029792,0
51,DELFT UNIVERSITY OF TECHNOLOGY,52,Netherlands,52.0021256,4.373298200000001,0
52,UNIVERSITY OF WISCONSIN-MADISON,53,United States,43.076592,-89.4124875,0
53,THE UNIVERSITY OF WARWICK,54,United Kingdom,52.3792525,-1.5614704,0
54,CITY UNIVERSITY OF HONG KONG,55,Hong Kong,22.3366793,114.17242340000001,0
55,BROWN UNIVERSITY,56,United States,41.826771799999996,-71.40254820000001,0
56,UNIVERSITY OF AMSTERDAM,57,Netherlands,52.35581819999999,4.9557262999999985,0
57,TOKYO INSTITUTE OF TECHNOLOGY,58,Japan,35.6051229,139.68353019999998,0
58,MONASH UNIVERSITY,59,Australia,-37.91052379999999,145.13621819999997,0
59,SHANGHAI JIAO TONG UNIVERSITY,59,China,31.0252201,121.4337784,0
60,TECHNISCHE UNIVERSITÄT MÜNCHEN,61,Germany,48.14966,11.5678602,0
61,LUDWIG-MAXIMILIANS-UNIVERSITÄT MÜNCHEN,62,Germany,48.150482700000005,11.5802362,0
62,UNIVERSITY OF TEXAS AT AUSTIN,63,United States,30.2849185,-97.73405670000001,0
63,RUPRECHT-KARLS-UNIVERSITÄT HEIDELBERG,64,Germany,49.4191402,8.670249199999999,0
64,ECOLE POLYTECHNIQUE,65,France,48.7142971,2.2112917000000003,0
65,UNIVERSITY OF WASHINGTON,66,United States,47.7589,-122.1906495,0
66,OSAKA UNIVERSITY,67,Japan,34.822013899999995,135.5244676,0
67,ZHEJIANG UNIVERSITY,68,China,30.30868439999999,120.08649950000002,0
68,GEORGIA INSTITUTE OF TECHNOLOGY (GEORGIA TECH),69,United States,33.7756178,-84.39628499999998,0
69,UNIVERSITY OF GLASGOW,69,United Kingdom,55.872121099999994,-4.2882004999999985,0
70,UNIVERSITY OF ILLINOIS AT URBANA-CHAMPAIGN,71,United States,40.1019523,-88.2271615,0
71,NATIONAL TAIWAN UNIVERSITY (NTU),72,Taiwan,25.0173405,121.53975179999999,0
72,UNIVERSIDAD DE BUENOS AIRES,73,Argentina,-34.5998875,-58.37306949999999,0
73,DURHAM UNIVERSITY,74,United Kingdom,54.76498589999999,-1.5782029,0
74,SORBONNE UNIVERSITY,75,France,48.8484556,2.3432774,0
75,THE UNIVERSITY OF SHEFFIELD,75,United Kingdom,53.3809409,-1.4879468999999999,0
76,TOHOKU UNIVERSITY,77,Japan,38.253834000000005,140.874074,0
77,UNIVERSITY OF ZURICH,78,Switzerland,47.3743221,8.550981199999999,0
78,UNIVERSITY OF BIRMINGHAM,79,United Kingdom,52.45081679999999,-1.9305134999999998,0
79,UNIVERSITY OF COPENHAGEN,79,Denmark,55.6802303,12.572409599999999,0
80,KATHOLIEKE UNIVERSITEIT LEUVEN,81,Belgium,50.87795449999999,4.7002953000000005,0
81,THE UNIVERSITY OF NOTTINGHAM,82,United Kingdom,52.938635999999995,-1.1951582,0
82,POHANG UNIVERSITY OF SCIENCE AND TECHNOLOGY (POSTECH),83,South Korea,36.0138857,129.3231836,0
83,"UNIVERSITY OF NORTH CAROLINA, CHAPEL HILL",83,United States,35.904912200000005,-79.04691340000001,0
84,THE UNIVERSITY OF AUCKLAND,85,New Zealand,-36.852337799999994,174.7691073,0
85,KOREA UNIVERSITY,86,South Korea,37.590799,127.02777730000001,0
86,RICE UNIVERSITY,87,United States,29.7173941,-95.4018312,0
87,UNIVERSITI MALAYA (UM),87,Malaysia,3.1201011000000003,101.65439930000001,0
88,OHIO STATE UNIVERSITY,89,United States,40.006836299999996,-83.03062220000001,0
89,LOMONOSOV MOSCOW STATE UNIVERSITY,90,Russia,55.70393490000001,37.5286696,0
90,THE UNIVERSITY OF WESTERN AUSTRALIA (UWA),91,Australia,-31.98006869999999,115.817898,0
91,LUND UNIVERSITY,92,Sweden,55.7119483,13.203493,0
92,BOSTON UNIVERSITY,93,United States,42.3504997,-71.10539909999999,0
93,UNIVERSITY OF LEEDS,93,United Kingdom,53.806681499999996,-1.5550328000000002,0
94,PENNSYLVANIA STATE UNIVERSITY,95,United States,40.7982133,-77.85990840000001,0
95,UNIVERSITY OF SOUTHAMPTON,96,United Kingdom,50.961491200000005,-1.4252228,0
96,UNIVERSITY OF ST ANDREWS,97,United Kingdom,56.341713600000006,-2.7942674,0
97,UNIVERSITY OF SCIENCE AND TECHNOLOGY OF CHINA,98,China,31.821994,117.28058999999999,0
98,EINDHOVEN UNIVERSITY OF TECHNOLOGY,99,Netherlands,51.44860980000001,5.4907148,0
99,PURDUE UNIVERSITY,100,United States,40.4237054,-86.92119459999998,1
100,SUNGKYUNKWAN UNIVERSITY,100,South Korea,37.588227,126.993606,1
101,"UNIVERSITY OF CALIFORNIA, DAVIS (UCD)",100,United States,38.5382322,-121.7617125,1
102,WASHINGTON UNIVERSITY IN ST. LOUIS,100,United States,38.6487895,-90.3107962,1
103,"KTH, ROYAL INSTITUTE OF TECHNOLOGY",104,Sweden,59.34980649999999,18.0706646,1
104,TRINITY COLLEGE DUBLIN (TCD),104,Ireland,53.343793500000004,-6.2545715999999985,1
105,THE HONG KONG POLYTECHNIC UNIVERSITY,106,Hong Kong,22.304309699999997,114.1796242,1
106,YONSEI UNIVERSITY,107,South Korea,37.565784,126.938572,1
107,UNIVERSITY OF GENEVA,108,Switzerland,46.199444,6.1451157,1
108,UNIVERSITY OF ALBERTA,109,Canada,53.5232189,-113.5263186,1
109,UNIVERSITY OF HELSINKI,110,Finland,60.1726348,24.9510419,1
110,NAGOYA UNIVERSITY,111,Japan,35.1538518,136.9682397,1
111,TECHNICAL UNIVERSITY OF DENMARK,112,Denmark,55.785574200000006,12.521381,1
112,UNIVERSIDAD NACIONAL AUTÓNOMA DE MÉXICO (UNAM),113,Mexico,19.318889499999997,-99.1843676,1
113,THE UNIVERSITY OF ADELAIDE,114,Australia,-34.920603,138.60622769999998,1
114,UNIVERSITY OF SOUTHERN CALIFORNIA,115,United States,34.0223519,-118.285117,1
115,"KIT, KARLSRUHER INSTITUT FÜR TECHNOLOGIE",116,Germany,49.011919899999995,8.417030300000002,1
116,UPPSALA UNIVERSITY,117,Sweden,59.85090049999999,17.6300093,1
117,UNIVERSIDADE DE SÃO PAULO (USP),118,Brazil,-23.5613991,-46.7307891,1
118,QUEEN MARY UNIVERSITY OF LONDON (QMUL),119,United Kingdom,51.517640899999996,-0.06086569999999999,1
119,UNIVERSITY OF GRONINGEN,120,Netherlands,53.219263399999996,6.5629871999999985,1
120,HUMBOLDT-UNIVERSITÄT ZU BERLIN,121,Germany,52.517883,13.3936551,1
121,LEIDEN UNIVERSITY,122,Netherlands,52.1571485,4.485208999999999,1
122,NANJING UNIVERSITY,122,China,32.0568391,118.7789602,1
123,UTRECHT UNIVERSITY,124,Netherlands,52.0901527,5.1226018,1
124,WAGENINGEN UNIVERSITY,125,Netherlands,51.984555799999995,5.6657696,1
125,KYUSHU UNIVERSITY,126,Japan,33.6266584,130.4250445,1
126,"UNIVERSITY OF MARYLAND, COLLEGE PARK",126,United States,38.9869183,-76.9425543,1
127,CHALMERS UNIVERSITY OF TECHNOLOGY,128,Sweden,57.6897063,11.9741654,1
128,HOKKAIDO UNIVERSITY,128,Japan,43.077957500000004,141.340013,1
129,FREIE UNIVERSITÄT BERLIN,130,Germany,52.45100060000001,13.2816511,1
130,LANCASTER UNIVERSITY,131,United Kingdom,54.01039420000001,-2.7877294,1
131,PONTIFICIA UNIVERSIDAD CATÓLICA DE CHILE,132,Chile,-33.4411279,-70.6407933,1
132,"UNIVERSITY OF CALIFORNIA, SANTA BARBARA (UCSB)",132,United States,34.413962899999994,-119.848947,1
133,UNIVERSITY OF YORK,134,United Kingdom,53.946108900000006,-1.0517718,1
134,UNIVERSITY OF OSLO,135,Norway,59.939958600000004,10.7217496,1
135,UNIVERSITY OF PITTSBURGH,136,United States,40.4443533,-79.960835,1
136,CENTRALESUPÉLEC,137,France,48.7087594,2.1640062,1
137,UNIVERSITY OF GHENT,138,Belgium,51.0465619,3.727918099999999,1
138,UNIVERSITY OF BERN,139,Switzerland,46.9504896,7.438119,1
139,AALTO UNIVERSITY,140,Finland,60.1866693,24.827682,1
140,AARHUS UNIVERSITY,141,Denmark,56.1681384,10.2030118,1
141,MICHIGAN STATE UNIVERSITY,141,United States,42.701848,-84.4821719,1
142,NEWCASTLE UNIVERSITY,141,United Kingdom,54.979187100000004,-1.6146608,1
143,RHEINISCH-WESTFÄLISCHE TECHNISCHE HOCHSCHULE AACHEN,144,Germany,50.7800778,6.065686899999998,1
144,CARDIFF UNIVERSITY,145,United Kingdom,51.48662710000001,-3.1788640999999997,1
145,MCMASTER UNIVERSITY,146,Canada,43.260878999999996,-79.9192254,1
146,TECHNISCHE UNIVERSITÄT BERLIN,147,Germany,52.5125322,13.3269446,1
147,EMORY UNIVERSITY,148,United States,33.7925195,-84.32399889999998,1
148,UNIVERSITÉ DE MONTRÉAL,149,Canada,45.5056156,-73.61375919999998,1
149,UNIVERSITY OF LAUSANNE,149,Switzerland,46.5210895,6.5801606,1
150,HANYANG UNIVERSITY,151,South Korea,37.5572321,127.0453219,1
151,UNIVERSITY OF LIVERPOOL,151,United Kingdom,53.40478239999999,-2.9652990000000004,1
152,ÉCOLE NORMALE SUPÉRIEURE DE LYON,153,France,45.72976569999999,4.826806400000001,1
153,HEBREW UNIVERSITY OF JERUSALEM,154,Israel,31.794557799999996,35.241400899999995,1
154,UNIVERSITY OF EXETER,154,United Kingdom,50.7371369,-3.5351475,1
155,POLITECNICO DI MILANO,156,Italy,45.47809059999999,9.2282377,1
156,UNIVERSITY OF MINNESOTA,156,United States,44.97399,-93.2277285,1
157,UNIVERSITY OF BATH,158,United Kingdom,51.378222799999996,-2.3263987,1
158,UNIVERSIDAD AUTÓNOMA DE MADRID,159,Spain,40.546698299999996,-3.6943619,1
159,UNIVERSITY OF BASEL,160,Switzerland,47.56025349999999,7.5826,1
160,UNIVERSITY OF TECHNOLOGY SYDNEY (UTS),160,Australia,-33.8832376,151.20049419999998,1
161,INDIAN INSTITUTE OF TECHNOLOGY BOMBAY (IITB),162,India,19.1334302,72.9132679,1
162,NATIONAL TSING HUA UNIVERSITY,163,Taiwan,24.7947253,120.99323159999999,1
163,UNIVERSITY OF WATERLOO,163,Canada,43.4722854,-80.54485759999999,1
164,UNIVERSITÉ CATHOLIQUE DE LOUVAIN (UCL),165,Belgium,50.66968749999999,4.615590900000001,1
165,UNIVERSITAT DE BARCELONA (UB),166,Spain,41.386608,2.1640200000000003,1
166,SCUOLA SUPERIORE SANT'ANNA PISA,167,Italy,43.720966100000005,10.4027859,1
167,EBERHARD KARLS UNIVERSITÄT TÜBINGEN,168,Germany,48.5294782,9.043774,1
168,"UNIVERSITY OF CALIFORNIA, IRVINE (UCI)",169,United States,33.640495200000004,-117.8442962,1
169,INDIAN INSTITUTE OF SCIENCE (IISC) BANGALORE,170,India,13.0218597,77.5671423,1
170,UNIVERSITY OF BERGEN,171,Norway,60.3878586,5.321754900000001,1
171,INDIAN INSTITUTE OF TECHNOLOGY DELHI (IITD),172,India,28.5449756,77.19262839999998,1
172,UNIVERSITY OF ABERDEEN,172,United Kingdom,57.16475999999999,-2.1015257000000003,1
173,UNIVERSITY OF TWENTE,172,Netherlands,52.23979740000001,6.849988300000001,1
174,SCUOLA NORMALE SUPERIORE DI PISA,175,Italy,43.719601000000004,10.40033,1
175,UNIVERSITÄT WIEN,175,Austria,48.2196989,16.3515215,1
176,UNIVERSITY OF OTAGO,175,New Zealand,-45.864683500000005,170.51442269999998,1
177,TECNOLÓGICO DE MONTERREY (ITESM),178,Mexico,25.651564899999997,-100.28954,1
178,ERASMUS UNIVERSITY ROTTERDAM,179,Netherlands,51.91752,4.5255849999999995,1
179,QUEEN'S UNIVERSITY OF BELFAST,180,United Kingdom,54.584408700000004,-5.9340493,1
180,UNIVERSITÀ DI BOLOGNA (UNIBO),180,Italy,44.4962318,11.354157,1
181,UNIVERSITY OF FLORIDA,180,United States,29.643632500000002,-82.3549302,1
182,DARTMOUTH COLLEGE,183,United States,43.704440600000005,-72.28869350000001,1
183,UNIVERSITI KEBANGSAAN MALAYSIA (UKM),184,Malaysia,3.1681251,101.70053730000001,1
184,UNIVERSITY OF ROCHESTER,184,United States,43.1305531,-77.6260033,1
185,CASE WESTERN RESERVE UNIVERSITY,186,United States,41.50434129999999,-81.6083838,1
186,UNIVERSITÄT FREIBURG,186,Germany,47.9935441,7.845949599999999,1
187,VRIJE UNIVERSITEIT BRUSSEL (VUB),188,Belgium,50.821658,4.394886,1
188,KING FAHD UNIVERSITY OF PETROLEUM & MINERALS (KFUPM),189,Saudi Arabia,26.304804700000002,50.1498042,1
189,UNIVERSITY OF COLORADO AT BOULDER,190,United States,40.00758099999999,-105.26594170000001,1
190,TECHNISCHE UNIVERSITÄT DRESDEN,191,Germany,51.02927340000001,13.728996400000002,1
191,UNIVERSITY OF VIRGINIA,192,United States,38.0335529,-78.5079772,1
192,UNIVERSITAT AUTÓNOMA DE BARCELONA,193,Spain,41.5019255,2.1048538,1
193,UNIVERSITY COLLEGE DUBLIN (UCD),193,Ireland,53.30823119999999,-6.224133,1
194,UNIVERSITY OF READING,195,United Kingdom,51.4414205,-0.9418156999999999,1
195,VANDERBILT UNIVERSITY,195,United States,36.1447034,-86.8026551,1
196,GEORG-AUGUST-UNIVERSITÄT GÖTTINGEN,197,Germany,51.540811600000005,9.9374005,1
197,KEIO UNIVERSITY,198,Japan,35.648964299999996,139.7429376,1
198,TECHNISCHE UNIVERSITÄT WIEN,199,Austria,48.198654600000005,16.368462599999997,1
199,STOCKHOLM UNIVERSITY,200,Sweden,59.36217370000001,18.057831,2
200,UNIVERSITY OF CAPE TOWN,200,South Africa,-33.95762680000001,18.4593354,2
201,UNIVERSITI PUTRA MALAYSIA (UPM),202,Malaysia,2.9931517000000003,101.7158722,2
202,TEXAS A&M UNIVERSITY,203,United States,30.618531,-96.336499,2
203,RADBOUD UNIVERSITY NIJMEGEN,204,Netherlands,51.81670099999999,5.865272,2
204,UNIVERSIDADE ESTADUAL DE CAMPINAS (UNICAMP),204,Brazil,-22.8184393,-47.0647206,2
205,UNIVERSIDAD COMPLUTENSE DE MADRID (UCM),206,Spain,40.445436799999996,-3.7299424,2
206,UNIVERSITI SAINS MALAYSIA (USM),207,Malaysia,5.1538434,100.4926583,2
207,NATIONAL CHIAO TUNG UNIVERSITY,208,Taiwan,24.788395899999998,120.999509,2
208,UNIVERSIDAD DE CHILE,208,Chile,-33.444520399999995,-70.6509277,2
209,WASEDA UNIVERSITY,208,Japan,35.7087334,139.7196485,2
210,MAASTRICHT UNIVERSITY,211,Netherlands,50.8471422,5.6864016999999984,2
211,ARIZONA STATE UNIVERSITY,212,United States,33.424239899999996,-111.9280527,2
212,UNIVERSITY OF NOTRE DAME,212,United States,41.7055716,-86.2353388,2
213,"UNIVERSITY OF ILLINOIS, CHICAGO (UIC)",214,United States,41.8697938,-87.64963359999999,2
214,UNIVERSITY OF NEWCASTLE,214,Australia,-32.8927718,151.7041775,2
215,WESTERN UNIVERSITY,214,Canada,43.0095971,-81.27373359999999,2
216,SAPIENZA - UNIVERSITÀ DI ROMA,217,Italy,41.9037626,12.514438400000001,2
217,LOUGHBOROUGH UNIVERSITY,218,United Kingdom,52.7650814,-1.2320533999999999,2
218,UNIVERSITY OF WOLLONGONG,218,Australia,-34.405403899999996,150.87843,2
219,AL-FARABI KAZAKH NATIONAL UNIVERSITY,220,Kazakhstan,43.22523579999999,76.92191869999998,2
220,SCIENCES PO PARIS,221,France,48.854091700000005,2.3283745,2
221,VICTORIA UNIVERSITY OF WELLINGTON,221,New Zealand,-41.290401700000004,174.7686615,2
222,UNIVERSITÄT HAMBURG,223,Germany,53.56656410000001,9.9846195,2
223,UNIVERSITY OF ANTWERP,223,Belgium,51.2228097,4.4102318,2
224,UNIVERSITY OF LEICESTER,223,United Kingdom,52.621139299999996,-1.1246325000000001,2
225,GEORGETOWN UNIVERSITY,226,United States,38.9076089,-77.07225849999998,2
226,UNIVERSITY OF SUSSEX,227,United Kingdom,50.86708950000001,-0.08791399999999999,2
227,UNIVERSITI TEKNOLOGI MALAYSIA (UTM),228,Malaysia,2.149223,102.77215090000001,2
228,UNIVERSITY OF CALGARY,229,Canada,51.0775908,-114.140695,2
229,TEL AVIV UNIVERSITY,230,Israel,32.113314100000004,34.80438770000001,2
230,KING ABDUL AZIZ UNIVERSITY (KAU),231,Saudi Arabia,21.494101999999998,39.232617,2
231,UNIVERSITY OF CANTERBURY,231,New Zealand,-43.5235375,172.5839233,2
232,VRIJE UNIVERSITEIT AMSTERDAM,231,Netherlands,52.333756799999996,4.8657199,2
233,NATIONAL CHENG KUNG UNIVERSITY,234,Taiwan,22.998841600000002,120.2195148,2
234,SAINT-PETERSBURG STATE UNIVERSITY,235,Russia,59.941894,30.298919899999998,2
235,ROYAL HOLLOWAY UNIVERSITY OF LONDON,236,United Kingdom,51.425672999999996,-0.5630625,2
236,AMERICAN UNIVERSITY OF BEIRUT (AUB),237,Lebanon,33.9008359,35.480744,2
237,TUFTS UNIVERSITY,237,United States,42.4074843,-71.1190232,2
238,QUEEN'S UNIVERSITY,239,Canada,44.2252795,-76.49514119999998,2
239,UNIVERSITÉ LIBRE DE BRUXELLES (ULB),239,Belgium,50.813206799999996,4.3822222,2
240,UNIVERSITÉ PARIS-SUD 11,239,France,48.6976847,2.1764839,2
241,UNIVERSIDAD DE NAVARRA,242,Spain,42.8014994,-1.6597421,2
242,UNIVERSITY OF MIAMI,242,United States,25.7216374,-80.2792805,2
243,NOVOSIBIRSK STATE UNIVERSITY,244,Russia,54.8477462,83.09438840000001,2
244,QUEENSLAND UNIVERSITY OF TECHNOLOGY (QUT),244,Australia,-27.477357,153.028415,2
245,UNIVERSITY OF ARIZONA,246,United States,32.2318851,-110.9501094,2
246,TECHNION - ISRAEL INSTITUTE OF TECHNOLOGY,247,Israel,32.7767783,35.0231271,2
247,UNIVERSITY OF SURREY,248,United Kingdom,51.2427533,-0.5877755,2
248,UNIVERSITÀ DEGLI STUDI DI PADOVA (UNIPD),249,Italy,45.406766,11.8774462,2
249,CURTIN UNIVERSITY,250,Australia,-32.0061951,115.8944182,2
250,MACQUARIE UNIVERSITY,250,Australia,-33.77382370000001,151.1126498,2
251,RMIT UNIVERSITY,250,Australia,-37.809286,144.9644092,2
252,TECHNISCHE UNIVERSITÄT DARMSTADT,253,Germany,49.8748277,8.6563281,2
253,UNIVERSIDAD CARLOS III DE MADRID,253,Spain,40.3325323,-3.7653171000000003,2
254,RHEINISCHE FRIEDRICH-WILHELMS-UNIVERSITÄT BONN,255,Germany,50.726771500000005,7.0865227,2
255,KING SAUD UNIVERSITY (KSU),256,Saudi Arabia,24.723953899999998,46.6316125,2
256,NATIONAL TAIWAN UNIVERSITY OF SCIENCE AND TECHNOLOGY,257,Taiwan,25.0136906,121.54067920000001,2
257,WUHAN UNIVERSITY,257,China,30.5360485,114.36432190000001,2
258,"UNIVERSITY OF MASSACHUSETTS, AMHERST",259,United States,42.3867598,-72.5300515,2
259,"NATIONAL UNIVERSITY OF IRELAND, GALWAY (NUIG)",260,Ireland,53.2770243,-9.0614864,2
260,UNIVERSITÄT STUTTGART,260,Germany,48.78164719999999,9.1724985,2
261,UNIVERSITY OF TSUKUBA,260,Japan,36.108892700000006,140.1038105,2
262,ECOLE DES PONTS PARISTECH,263,France,48.84057900000001,2.586968,2
263,INDIAN INSTITUTE OF TECHNOLOGY MADRAS (IITM),264,India,12.9914929,80.2336907,2
264,KYUNG HEE UNIVERSITY,264,South Korea,37.5961951,127.052544,2
265,SIMON FRASER UNIVERSITY,264,Canada,49.27809370000001,-122.91988329999998,2
266,UNIVERSITY OF SOUTH AUSTRALIA (UNISA),264,Australia,-34.9201652,138.6066669,2
267,UNIVERSITY OF STRATHCLYDE,268,United Kingdom,55.862122,-4.242285099999999,2
268,UNIVERSITY OF EAST ANGLIA (UEA),269,United Kingdom,52.6219215,1.2391761000000001,2
269,UNIVERSITY OF GOTHENBURG,269,Sweden,57.698171900000006,11.971878,2
270,CHULALONGKORN UNIVERSITY,271,Thailand,13.739731900000002,100.53083199999999,2
271,UNIVERSIDAD DE LOS ANDES COLOMBIA,272,Colombia,4.6017869000000005,-74.06607690000001,2
272,UNIVERSITY OF DUNDEE,272,United Kingdom,56.45824469999999,-2.9821428,2
273,UNIVERSITY OF WAIKATO,274,New Zealand,-37.7868611,175.31845790000003,2
274,UNIVERSIDAD NACIONAL DE COLOMBIA,275,Colombia,4.6381938,-74.08404639999998,2
275,UNIVERSITAT POLITÈCNICA DE CATALUNYA,275,Spain,41.388003999999995,2.1132804,2
276,HONG KONG BAPTIST UNIVERSITY (HKBU),277,Hong Kong,22.338638800000002,114.18193159999998,2
277,TOMSK STATE UNIVERSITY,277,Russia,56.4694917,84.9478675,2
278,DALHOUSIE UNIVERSITY,279,Canada,44.63658119999999,-63.59165549999999,2
279,NORTH CAROLINA STATE UNIVERSITY,279,United States,35.7755001,-78.67339659999998,2
280,UNIVERSITÄT FRANKFURT AM MAIN,279,Germany,50.127067499999995,8.6677635,2
281,UNIVERSITÄT INNSBRUCK,279,Austria,47.26335419999999,11.383800599999999,2
282,INDIAN INSTITUTE OF TECHNOLOGY KANPUR (IITK),283,India,26.512338800000002,80.2329,2
283,"RUTGERS - THE STATE UNIVERSITY OF NEW JERSEY, NEW BRUNSWICK",283,United States,40.500818599999995,-74.44739910000001,2
284,HARBIN INSTITUTE OF TECHNOLOGY,285,China,45.7470436,126.63343059999998,2
285,UNIVERSITY OF TURKU,285,Finland,60.45629739999999,22.2851138,2
286,UNIVERSITY OF TASMANIA,287,Australia,-42.903646200000004,147.325848,2
287,"SOAS - SCHOOL OF ORIENTAL AND AFRICAN STUDIES, UNIVERSITY OF LONDON",288,United Kingdom,51.52235,-0.12925899999999999,2
288,UNIVERSITÉ GRENOBLE-ALPES (UGA),289,France,45.1914198,5.7672724,2
289,UNIVERSITY OF OTTAWA,289,Canada,45.42310639999999,-75.68313289999998,2
290,TONGJI UNIVERSITY,291,China,31.2627211,121.45989750000001,2
291,BEIJING NORMAL UNIVERSITY,292,China,39.9619537,116.3662615,2
292,NATIONAL YANG MING UNIVERSITY,292,Taiwan,25.123002,121.513702,2
293,UNIVERSITY OF INDONESIA,292,Indonesia,-6.3627638,106.82704820000001,2
294,INDIAN INSTITUTE OF TECHNOLOGY KHARAGPUR (IITKGP),295,India,22.3149274,87.31053109999998,2
295,SUN YAT-SEN UNIVERSITY,295,China,23.0965384,113.298883,2
296,UNIVERSITÉ PARIS DIDEROT - PARIS 7,295,France,48.8529498,2.3628862999999996,2
297,UNIVERSITAT POMPEU FABRA,298,Spain,41.378968900000004,2.179794100000001,2
298,BAUMAN MOSCOW STATE TECHNICAL UNIVERSITY,299,Russia,55.765924399999996,37.6855946,2
299,UNIVERSITÄT ERLANGEN-NÜRNBERG,299,Germany,49.5978804,11.0045507,2
300,UNIVERSITÉ PARIS 1 PANTHÉON-SORBONNE,299,France,48.84693729999999,2.344468,2
301,HERIOT-WATT UNIVERSITY,302,United Kingdom,55.909660200000005,-3.3203494,3
302,LINKÖPING UNIVERSITY,302,Sweden,58.397836399999996,15.5760072,3
304,ECOLE NORMALE SUPÉRIEURE DE CACHAN,305,France,48.78871909999999,2.3272147000000003,3
305,"BIRKBECK COLLEGE, UNIVERSITY OF LONDON",306,United Kingdom,51.5219696,-0.1300479,3
306,UNIVERSITÄT KÖLN,306,Germany,50.9281625,6.9288193,3
307,NATIONAL TAIWAN NORMAL UNIVERSITY,308,Taiwan,25.0260598,121.5275321,3
308,DEAKIN UNIVERSITY,309,Australia,-38.1438148,144.3601864,3
309,UNIVERSIDAD POLITECNICA DE VALENCIA,310,Spain,39.4796686,-0.34588470000000004,3
310,YESHIVA UNIVERSITY,310,United States,40.85067249999999,-73.92951490000002,3
311,MOSCOW INSTITUTE OF PHYSICS AND TECHNOLOGY STATE UNIVERSITY,312,Russia,55.929724300000004,37.5199434,3
312,UNIVERSITY AT BUFFALO SUNY,313,United States,43.0008093,-78.78896970000001,3
313,XI'AN JIAOTONG UNIVERSITY,313,China,34.250803000000005,108.98369299999999,3
314,GWANGJU INSTITUTE OF SCIENCE AND TECHNOLOGY (GIST),315,South Korea,35.2265288,126.83998700000001,3
315,KHALIFA UNIVERSITY,315,United Arab Emirates,24.4473556,54.394908799999996,3
316,CHARLES UNIVERSITY,317,Czech Republic,50.0871106,14.423488899999999,3
317,LINCOLN UNIVERSITY,317,New Zealand,-43.6436854,172.46777409999999,3
318,EWHA WOMANS UNIVERSITY,319,South Korea,37.5597476,126.94552279999999,3
319,TILBURG UNIVERSITY,319,Netherlands,51.563140600000004,5.0419735999999995,3
320,HIROSHIMA UNIVERSITY,321,Japan,34.402080100000006,132.7138618,3
321,UNIVERSITY OF TARTU,321,Estonia,58.3810843,26.7198659,3
322,INDIANA UNIVERSITY BLOOMINGTON,323,United States,39.175448700000004,-86.512627,3
323,UNIVERSITY OF BRUNEI DARUSSALAM,323,Brunei,4.972665,114.89397,3
324,UNIVERSITÀ DEGLI STUDI DI MILANO,325,Italy,45.4601435,9.1945843,3
325,NORTHEASTERN UNIVERSITY,326,United States,42.339806700000004,-71.08917170000001,3
326,UNIVERSITÄT JENA,326,Germany,50.9295513,11.5898195,3
327,UNIVERSITY OF PORTO,328,Portugal,41.1465479,-8.615699800000002,3
329,"NATIONAL RESEARCH NUCLEAR UNIVERSITY ""MEPHI"" (MOSCOW ENGINEERING PHYSICS INSTITUTE)",329,Russia,55.649567000000005,37.6638742,3
330,WESTFÄLISCHE WILHELMS-UNIVERSITÄT MÜNSTER,329,Germany,51.9645825,7.613984299999999,3
331,BRUNEL UNIVERSITY,332,United Kingdom,51.5324044,-0.47299309999999994,3
332,MASSEY UNIVERSITY,332,New Zealand,-36.732389399999995,174.7027411,3
333,QATAR UNIVERSITY,332,Qatar,25.377281,51.49117099999999,3
334,UNIVERSITÄT ULM,332,Germany,48.4222305,9.955582000000001,3
335,"UNIVERSITY OF CALIFORNIA, SANTA CRUZ (UCSC)",336,United States,36.9880503,-122.05820929999999,3
336,UNIVERSITY OF JYVÄSKYLÄ,336,Finland,62.23653170000001,25.731633600000002,3
337,NANKAI UNIVERSITY,338,China,39.10394429999999,117.17422320000001,3
338,UMEÅ UNIVERSITY,338,Sweden,63.82022240000001,20.3054461,3
339,UNIVERSITÄT MANNHEIM,338,Germany,49.48371059999999,8.462233300000001,3
340,UNIVERSITY COLLEGE CORK (UCC),338,Ireland,51.89211239999999,-8.493267099999999,3
341,VIRGINIA POLYTECHNIC INSTITUTE (VIRGINIA TECH),338,United States,37.22838429999999,-80.42341669999998,3
342,AALBORG UNIVERSITY,343,Denmark,57.0145665,9.9818527,3
343,NATIONAL RESEARCH UNIVERSITY - HIGHER SCHOOL OF ECONOMICS (HSE),343,Russia,55.803430199999994,37.4099802,3
344,GEORGE WASHINGTON UNIVERSITY,345,United States,38.8997145,-77.04859920000001,3
345,RENSSELAER POLYTECHNIC INSTITUTE,345,United States,42.730171999999996,-73.67880300000002,3
346,UNIVERSITY OF UTAH,345,United States,40.764936799999994,-111.84210209999999,3
347,UNIVERSITÉ DE STRASBOURG,348,France,48.579069200000006,7.766454499999999,3
348,STONY BROOK UNIVERSITY,349,United States,40.9123761,-73.12338890000001,3
349,UNITED ARAB EMIRATES UNIVERSITY,350,United Arab Emirates,24.200588,55.67603399999999,3
350,CITY UNIVERSITY LONDON,351,United Kingdom,51.5278249,-0.1025445,3
351,KOBE UNIVERSITY,352,Japan,34.725701799999996,135.2336432,3
352,TOKYO MEDICAL AND DENTAL UNIVERSITY,352,Japan,35.7014781,139.76422680000002,3
353,BELARUS STATE UNIVERSITY,354,Belarus,53.8938988,27.5460609,3
354,MOSCOW STATE INSTITUTE OF INTERNATIONAL RELATIONS – MGIMO UNIVERSITY,355,Russia,55.672824399999996,37.4846619,3
355,UNIVERSITY OF ESSEX,355,United Kingdom,51.87772589999999,0.9472069,3
356,UNIVERSITY OF KENT,355,United Kingdom,51.297233,1.0632172,3
357,UNIVERSITY OF LISBON,355,Portugal,38.7526578,-9.158245,3
358,BANDUNG INSTITUTE OF TECHNOLOGY (ITB),359,Indonesia,-6.8914800000000005,107.6106591,3
359,UNIVERSITY OF VICTORIA,359,Canada,48.46340670000001,-123.3116935,3
360,UNIVERSIDADE FEDERAL DO RIO DE JANEIRO,361,Brazil,-22.9541412,-43.1753638,3
361,TAIPEI MEDICAL UNIVERSITY,362,Taiwan,25.025354,121.561618,3
362,NORWEGIAN UNIVERSITY OF SCIENCE AND TECHNOLOGY,363,Norway,63.41949899999999,10.4020771,3
363,OXFORD BROOKES UNIVERSITY,363,United Kingdom,51.755010999999996,-1.224225,3
364,TECHNISCHE UNIVERSITÄT GRAZ,363,Austria,47.069137100000006,15.450315400000001,3
365,TAMPERE UNIVERSITY OF TECHNOLOGY,366,Finland,61.44897999999999,23.859061800000003,3
366,UNIVERSIDAD AUSTRAL,367,Argentina,-34.455733,-58.859075,3
367,UNIVERSITY OF KANSAS,367,United States,38.9543439,-95.25579609999998,3
368,JAMES COOK UNIVERSITY (JCU),369,Australia,-19.3276927,146.7565073,3
369,PONTIFICIA UNIVERSIDAD CATÓLICA ARGENTINA SANTA MARÍA DE LOS BUENOS AIRES (UCA),369,Argentina,-34.61645740000001,-58.3657194,3
370,UNIVERSITY OF TROMSO,369,Norway,69.679788,18.9710079,3
371,RUHR-UNIVERSITÄT BOCHUM,372,Germany,51.44566589999999,7.261609300000001,3
372,TOMSK POLYTECHNIC UNIVERSITY,373,Russia,56.46524849999999,84.94968229999998,3
373,UNIVERSITY OF CONNECTICUT,373,United States,41.8077414,-72.25398050000001,3
374,UNIVERSITY OF ST GALLEN (HSG),375,Switzerland,47.4321575,9.3755673,3
375,AMERICAN UNIVERSITY OF SHARJAH,376,United Arab Emirates,25.312050199999998,55.49270229999999,3
376,BOSTON COLLEGE,376,United States,42.3355488,-71.16849450000002,3
377,UNIVERSITY OF OULU,376,Finland,65.05931770000001,25.4662935,3
378,UNIVERSITY OF SOUTHERN DENMARK,376,Denmark,55.368982700000004,10.4282364,3
379,MAHIDOL UNIVERSITY,380,Thailand,13.794577499999999,100.3234171,3
380,ASTON UNIVERSITY,381,United Kingdom,52.4868584,-1.8882173999999998,3
381,INDIAN INSTITUTE OF TECHNOLOGY ROORKEE (IITR),381,India,29.8648599,77.89657869999998,3
382,UNIVERSITY OF THE WITWATERSRAND,381,South Africa,-26.1916888,28.032761400000002,3
383,UNIVERSIDAD DE BELGRANO,384,Argentina,-34.5639014,-58.443818500000006,3
384,"UNIVERSITY OF CALIFORNIA, RIVERSIDE (UCR)",384,United States,33.9737055,-117.3280644,3
385,UNIVERSITY OF THE PHILIPPINES,384,Philippines,14.5979292,121.01075559999998,3
386,HUFS – HANKUK (KOREA) UNIVERSITY OF FOREIGN STUDIES,387,South Korea,37.597319,127.05784299999999,3
387,POLITECNICO DI TORINO,387,Italy,45.030331200000006,7.618613000000002,3
388,SWINBURNE UNIVERSITY OF TECHNOLOGY,387,Australia,-37.8221504,145.03895459999998,3
389,WAKE FOREST UNIVERSITY,387,United States,36.1340985,-80.2778951,3
390,UNIVERSITAS GADJAH MADA,391,Indonesia,-7.7713847000000005,110.3774998,3
391,UNIVERSITY OF LIEGE,391,Belgium,50.5830803,5.5590639999999985,3
392,WASHINGTON STATE UNIVERSITY,391,United States,46.731922499999996,-117.15421210000001,3
393,L.N. GUMILYOV EURASIAN NATIONAL UNIVERSITY,394,Kazakhstan,51.157963,71.46741709999998,3
394,UNIVERSITY OF WARSAW,394,Poland,52.2403463,21.0186012,3
395,"GOLDSMITHS, UNIVERSITY OF LONDON",396,United Kingdom,51.47427099999999,-0.035407999999999995,3
396,CHUNG-ANG UNIVERSITY,397,South Korea,37.5050881,126.95710120000001,3
397,LA TROBE UNIVERSITY,397,Australia,-37.7206671,145.04841399999998,3
398,PAKISTAN INSTITUTE OF ENGINEERING AND APPLIED SCIENCES (PIEAS),397,Pakistan,33.6562076,73.26439870000002,3
399,UNIVERSITÄT KONSTANZ,397,Germany,47.689426,9.186877699999998,3
400,UNIVERSITY OF COLORADO AT DENVER,397,United States,39.746359600000005,-105.002342,3
401,LAVAL UNIVERSITY,402,Canada,46.78174629999999,-71.27474240000001,4
402,NATIONAL SUN YAT-SEN UNIVERSITY,402,Taiwan,22.628388,120.26473700000001,4
403,PETER THE GREAT ST.PETERSBURG POLYTECHNIC UNIVERSITY,404,Russia,60.00735699999999,30.372899,4
404,STELLENBOSCH UNIVERSITY,405,South Africa,-33.9328078,18.864447,4
405,UNIVERSIDADE NOVA DE LISBOA,405,Portugal,38.733682,-9.160333,4
406,BEN GURION UNIVERSITY OF THE NEGEV,407,Israel,31.262218,34.801460999999996,4
407,JOHANNES GUTENBERG UNIVERSITÄT MAINZ,407,Germany,49.9926403,8.241555199999999,4
408,UNIVERSIDAD EXTERNADO DE COLOMBIA,407,Colombia,4.595356199999999,-74.0685881,4
409,UNIVERSITY OF COIMBRA,407,Portugal,40.208907200000006,-8.424150899999999,4
410,JAGIELLONIAN UNIVERSITY,411,Poland,50.06096229999999,19.9341074,4
411,TULANE UNIVERSITY,412,United States,29.940728200000002,-90.1203167,4
412,UNIVERSIDAD DE ZARAGOZA,412,Spain,41.6420639,-0.9015065000000001,4
413,URAL FEDERAL UNIVERSITY,412,Russia,56.840424899999995,60.616119499999996,4
414,HUAZHONG UNIVERSITY OF SCIENCE AND TECHNOLOGY,415,China,30.508964000000002,114.410577,4
415,NATIONAL CENTRAL UNIVERSITY,415,Taiwan,24.967996600000003,121.19220290000001,4
416,NATIONAL UNIVERSITY OF SCIENCES AND TECHNOLOGY (NUST) ISLAMABAD,417,Pakistan,33.6426205,72.99290500000001,4
417,UNIVERSITY OF STIRLING,417,United Kingdom,56.14541189999999,-3.9205712999999998,4
418,UNIVERSITY OF TENNESSEE,419,United States,35.9544013,-83.92945639999998,4
419,AMERICAN UNIVERSITY IN CAIRO,420,Egypt,30.018922999999997,31.499674,4
420,UNIVERSIDAD DE PALERMO,420,Argentina,-34.5972377,-58.4159956,4
421,DUBLIN CITY UNIVERSITY (DCU),422,Ireland,53.3860938,-6.256368599999999,4
422,SHANGHAI UNIVERSITY,422,China,31.31480359999999,121.382746,4
423,UNIVERSITÀ DI PISA,422,Italy,43.7167235,10.398859300000002,4
424,UNIVERSITÉ DE MONTPELLIER,422,France,43.6316206,3.8634485,4
425,ILLINOIS INSTITUTE OF TECHNOLOGY,426,United States,41.8348731,-87.6270059,4
426,UNIVERSITÀ DEGLI STUDI DI TRENTO,426,Italy,46.0667967,11.1231165,4
427,UNIVERSITY OF TEXAS DALLAS,426,United States,32.9857619,-96.7500993,4
428,BRANDEIS UNIVERSITY,429,United States,42.3654796,-71.25870090000001,4
429,CHANG GUNG UNIVERSITY,429,Taiwan,25.0334479,121.38748559999999,4
430,THE UNIVERSITY OF GEORGIA,431,United States,33.9480053,-83.37732209999999,4
431,ABERYSTWYTH UNIVERSITY,432,United Kingdom,52.4177914,-4.0638842,4
432,DONGGUK UNIVERSITY,432,South Korea,37.558254,127.00015,4
433,SHARIF UNIVERSITY OF TECHNOLOGY,432,Iran,35.7036366,51.351593,4
434,BANGOR UNIVERSITY,435,United Kingdom,53.22952049999999,-4.1299873,4
435,SOGANG UNIVERSITY,435,South Korea,37.5509442,126.94100230000001,4
436,SWANSEA UNIVERSITY,435,United Kingdom,51.6092184,-3.9799523999999997,4
437,UNIVERSITY OF IOWA,435,United States,41.6626963,-91.5548998,4
438,KAZAN FEDERAL UNIVERSITY,439,Russia,55.790447,49.1214349,4
439,UNIVERSITY OF DELAWARE,439,United States,39.67795039999999,-75.75061140000001,4
440,WAYNE STATE UNIVERSITY,439,United States,42.3591388,-83.06654619999998,4
441,UNIVERSITI TEKNOLOGI BRUNEI,442,Brunei,4.977357599999999,114.89992120000001,4
442,BOND UNIVERSITY,443,Australia,-28.0730934,153.4166377,4
443,TIANJIN UNIVERSITY,443,China,39.061004,117.142023,4
444,UNIVERSITY OF MACAU,443,Macau,22.130001999999998,113.5457795,4
445,NATIONAL TECHNICAL UNIVERSITY OF ATHENS,446,Greece,37.9877159,23.731858600000002,4
446,RUDN UNIVERSITY,446,Russia,55.650519200000005,37.5019844,4
447,KING KHALID UNIVERSITY,448,Saudi Arabia,18.2477261,42.5610112,4
448,KOÇ UNIVERSITY,448,Turkey,41.2053107,29.0724578,4
449,COLORADO STATE UNIVERSITY,450,United States,40.573436,-105.0865473,4
450,OREGON STATE UNIVERSITY,450,United States,44.5637806,-123.2794443,4
451,SULTAN QABOOS UNIVERSITY,450,Oman,23.5909657,58.17303219999999,4
452,CHRISTIAN-ALBRECHTS-UNIVERSITÄT ZU KIEL,453,Germany,54.3460549,10.1147022,4
453,UNIVERSITÉ AIX-MARSEILLE,453,France,43.29362099999999,5.358066,4
454,"UNIVERSITY OF MARYLAND, BALTIMORE COUNTY",453,United States,39.25567589999999,-76.71096740000002,4
455,BILKENT UNIVERSITY,456,Turkey,39.8746147,32.7475962,4
456,HITOTSUBASHI UNIVERSITY,456,Japan,35.6944035,139.4454577,4
457,JOHANNES KEPLER UNIVERSITÄT LINZ (JKU),456,Austria,48.336614000000004,14.319304999999998,4
458,THE CATHOLIC UNIVERSITY OF KOREA,456,South Korea,37.5859218,127.00432749999999,4
459,YOKOHAMA CITY UNIVERSITY,460,Japan,35.333358000000004,139.61796619999998,4
460,CLARK UNIVERSITY,461,United States,42.2520314,-71.8234038,4
461,UNIVERSITÄT DES SAARLANDES,461,Germany,49.2550284,7.040975,4
462,UNIVERSITY OF SASKATCHEWAN,461,Canada,52.1334003,-106.6313582,4
463,AUCKLAND UNIVERSITY OF TECHNOLOGY,464,New Zealand,-36.85321939999999,174.7673188,4
464,BEIJING INSTITUTE OF TECHNOLOGY,464,China,39.960370399999995,116.31238859999999,4
465,CHIBA UNIVERSITY,464,Japan,35.6278093,140.10350630000002,4
466,CONCORDIA UNIVERSITY,464,Canada,45.4945643,-73.5773775,4
467,KAZAKH NATIONAL TECHNICAL UNIVERSITY AFTER K.I.SATPAYEV,464,Kazakhstan,43.23644549999999,76.9297115,4
468,UNIVERSIDADE FEDERAL DE SÃO PAULO (UNIFESP),464,Brazil,-23.683562600000002,-46.628638,4
469,UNIVERSIDAD POLITÉCNICA DE MADRID,470,Spain,40.4486372,-3.7192797999999994,4
470,UNIVERSITY OF SZEGED,470,Hungary,46.2473322,20.147620899999996,4
471,FLORIDA STATE UNIVERSITY,472,United States,30.4418778,-84.29848890000001,4
472,INDIAN INSTITUTE OF TECHNOLOGY GUWAHATI (IITG),472,India,26.187859,91.6915834,4
473,UNIVERSITÀ DEGLI STUDI DI NAPOLI FEDERICO II,472,Italy,40.845492,14.257805800000002,4
474,JILIN UNIVERSITY,475,China,43.825720000000004,125.28501609999998,4
475,"NATIONAL UNIVERSITY OF SCIENCE AND TECHNOLOGY ""MISIS""",476,Russia,55.7284221,37.6090764,4
476,XIAMEN UNIVERSITY,476,China,24.4373484,118.09785500000001,4
477,FLINDERS UNIVERSITY,478,Australia,-35.024495200000004,138.5713281,4
478,INSTITUT NATIONAL DES SCIENCES APPLIQUÉES DE LYON (INSA),478,France,45.7833244,4.8781984000000005,4
479,M.O.AUEZOV SOUTH KAZAKHSTAN STATE UNIVERSITY,480,Kazakhstan,42.3204206,69.590828,4
480,KAZAKH NATIONAL PEDAGOGICAL UNIVERSITY ABAI,481,Kazakhstan,43.256325,76.95518299999998,4
481,UCSI UNIVERSITY,481,Malaysia,3.0792365000000004,101.73260340000002,4
482,UNIVERSIDAD DE ALCALÁ,481,Spain,40.482472200000004,-3.3628674,4
483,UNIVERSITY OF EASTERN FINLAND,481,Finland,62.896172,27.6413947,4
484,V.N. KARAZIN KHARKIV NATIONAL UNIVERSITY,481,Ukraine,50.004537,36.228139,4
485,YORK UNIVERSITY,481,Canada,43.773453499999995,-79.50186839999998,4
486,UNIVERSITY OF DELHI,487,India,28.688640600000003,77.2095641,4
487,VILNIUS UNIVERSITY,488,Lithuania,54.6825757,25.2876469,4
488,IOWA STATE UNIVERSITY,489,United States,42.0266187,-93.64646540000001,4
489,UNIVERSITÉ DE BORDEAUX,489,France,44.8086048,-0.5935826999999999,4
490,BEIHANG UNIVERSITY,491,China,39.980932,116.353453,4
491,"UNIVERSIDADE ESTADUAL PAULISTA ""JÚLIO DE MESQUITA FILHO""",491,Brazil,-23.5479195,-46.640950700000005,4
492,UNIVERSITÀ CATTOLICA DEL SACRO CUORE,491,Italy,45.463528499999995,9.1741155,4
493,UNIVERSITY OF NEW MEXICO,494,United States,35.084318700000004,-106.61978119999999,4
494,UNIVERSIDAD DE GRANADA,495,Spain,37.1839398,-3.6010182,4
495,UNIVERSITÄT HOHENHEIM,495,Germany,48.7117184,9.211793,4
496,UNIVERSITY OF OKLAHOMA,495,United States,35.205893599999996,-97.4457137,4
497,AMIRKABIR UNIVERSITY OF TECHNOLOGY,498,Iran,35.70335430000001,51.40918,4
498,WESTERN SYDNEY UNIVERSITY,498,Australia,-33.84537589999999,151.0710894,4
499,SINGAPORE MANAGEMENT UNIVERSITY,500,Singapore,1.2962726999999998,103.85015779999999,5
500,TECHNISCHE UNIVERSITÄT BRAUNSCHWEIG,500,Germany,52.27398729999999,10.528918199999998,5
501,UNIVERSITÉ SAINT-JOSEPH DE BEYROUTH,500,Lebanon,33.8804164,35.5143022,5
502,UNIVERSITY OF SCIENCE AND TECHNOLOGY BEIJING,500,China,39.989458,116.356945,5
503,DREXEL UNIVERSITY,501,United States,39.9566127,-75.18994409999998,5
504,EAST CHINA NORMAL UNIVERSITY,501,China,31.227666999999997,121.406829,5
505,HOWARD UNIVERSITY,501,United States,38.9226843,-77.0194377,5
506,LEHIGH UNIVERSITY,501,United States,40.604868700000004,-75.37751870000001,5
507,NATIONAL RESEARCH SARATOV STATE UNIVERSITY,501,Russia,51.53883039999999,46.0102597,5
508,PUSAN NATIONAL UNIVERSITY,501,South Korea,35.233512299999994,129.0810047,5
509,SABANCI UNIVERSITY,501,Turkey,40.8900895,29.3747953,5
510,UNIVERSIDAD DE COSTA RICA,501,Costa Rica,9.9369951,-84.0510292,5
511,UNIVERSITÀ DEGLI STUDI DI FIRENZE (UNIFI),501,Italy,43.7776426,11.259765,5
512,UNIVERSITY OF ULSAN,501,South Korea,35.543741100000005,129.25628429999998,5
513,ITMO UNIVERSITY,511,Russia,59.95723390000001,30.3081695,5
514,KUMAMOTO UNIVERSITY,511,Japan,32.8151827,130.727428,5
515,OKAYAMA UNIVERSITY,511,Japan,34.6871111,133.9222061,5
516,SOUTHEAST UNIVERSITY,511,China,32.055981,118.79421,5
517,UNIVERSIDAD DE LA HABANA,511,Cuba,23.136840499999998,-82.3815061,5
518,UNIVERSIDAD DE SANTIAGO DE CHILE (USACH),511,Chile,-33.4495902,-70.6801949,5
519,UNIVERSITÁ DEGLI STUDI DI ROMA - TOR VERGATA,511,Italy,41.8520309,12.628999499999999,5
520,UNIVERSITÄT BREMEN,511,Germany,53.106758000000006,8.852039999999997,5
521,UNIVERSITY OF LIMERICK (UL),511,Ireland,52.67258199999999,-8.57676,5
522,CAIRO UNIVERSITY,521,Egypt,30.022764600000002,31.2073201,5
523,JULIUS-MAXIMILIANS-UNIVERSITÄT WÜRZBURG,521,Germany,49.7881814,9.935260000000001,5
524,LAPPEENRANTA UNIVERSITY OF TECHNOLOGY,521,Finland,61.064926099999994,28.0939882,5
525,NAGASAKI UNIVERSITY,521,Japan,32.785253000000004,129.863167,5
526,PONTIFICIA UNIVERSIDAD JAVERIANA,521,Colombia,4.6284578000000005,-74.06490769999998,5
527,RENMIN (PEOPLE’S) UNIVERSITY OF CHINA,521,China,39.9696062,116.3188145,5
528,UNIVERSITÉ PAUL SABATIER TOULOUSE III,521,France,43.5619687,1.4700537,5
529,UNIVERSITI TEKNOLOGI PETRONAS (PETRONAS),521,Malaysia,4.3836423999999985,100.971438,5
530,UNIVERSITY OF SOUTH FLORIDA,521,United States,28.058703100000002,-82.41385389999998,5
531,ABO AKADEMI UNIVERSITY,531,Finland,60.45098689999999,22.2776003,5
532,CZECH TECHNICAL UNIVERSITY IN PRAGUE,531,Czech Republic,50.1030364,14.391284099999998,5
533,EAST CHINA UNIVERSITY OF SCIENCE AND TECHNOLOGY,531,China,31.140897,121.425248,5
534,NEW SCHOOL UNIVERSITY,531,United States,40.735507399999996,-73.9942686,5
535,PONTIFICIA UNIVERSIDADE CATÓLICA DE SÃO PAULO (PUC-SP),531,Brazil,-23.5380275,-46.670997899999996,5
536,SOUTHERN FEDERAL UNIVERSITY,531,Russia,47.224719,39.728334000000004,5
537,TARAS SHEVCHENKO NATIONAL UNIVERSITY OF KYIV,531,Ukraine,50.4420868,30.5104023,5
538,UNIVERSIDAD DE MONTEVIDEO,531,Uruguay,-34.8979585,-56.1603831,5
539,UNIVERSITÉ PANTHÉON-ASSAS (PARIS 2),531,France,48.8433032,2.3334127000000002,5
540,UNIVERSITY OF AVEIRO,531,Portugal,40.6303024,-8.657506,5
541,UNIVERSITY OF VERMONT,531,United States,44.4778528,-73.1964637,5
542,AMERICAN UNIVERSITY,541,United States,38.937494799999996,-77.08880289999998,5
543,FAR EASTERN FEDERAL UNIVERSITY,541,Russia,43.117401,131.8925419,5
544,OSAKA CITY UNIVERSITY,541,Japan,34.5922806,135.5051119,5
545,SHANDONG UNIVERSITY,541,China,36.64893,117.02901399999999,5
546,SOUTH CHINA UNIVERSITY OF TECHNOLOGY,541,China,23.151326,113.344683,5
547,UMM AL-QURA UNIVERSITY (UQU),541,Saudi Arabia,21.3298361,39.9488891,5
548,UNIVERSITAT RAMON LLULL,541,Spain,41.411921,2.13122,5
549,UNIVERSITÉ DU QUÉBEC,541,Canada,48.23057379999999,-79.0082905,5
550,UNIVERSITY OF CINCINNATI,541,United States,39.1329219,-84.51495039999998,5
551,INHA UNIVERSITY,551,South Korea,37.450022100000005,126.653488,5
552,JUSTUS-LIEBIG-UNIVERSITÄT GIEßEN,551,Germany,50.580467299999995,8.677140300000001,5
553,LEIBNIZ UNIVERSITÄT HANNOVER,551,Germany,52.3829641,9.719698900000001,5
554,MIDDLE EAST TECHNICAL UNIVERSITY,551,Turkey,39.8910203,32.7780027,5
555,PONTIFICIA UNIVERSIDAD CATÓLICA DEL PERÚ,551,Peru,-12.069512,-77.07935920000001,5
556,QUAID-I-AZAM UNIVERSITY,551,Pakistan,33.747648,73.13812100000001,5
557,SYRACUSE UNIVERSITY,551,United States,43.0391534,-76.1351158,5
558,UNIVERSITY OF JOHANNESBURG,551,South Africa,-26.1869922,28.0143522,5
559,UNIVERSITY OF KENTUCKY,551,United States,38.0306511,-84.5039697,5
560,UNIVERSITY OF NEBRASKA,551,United States,40.8201966,-96.7004763,5
561,AMERICAN UNIVERSITY IN DUBAI,561,United Arab Emirates,25.091209,55.1560728,5
562,ARISTOTLE UNIVERSITY OF THESSALONIKI,561,Greece,40.6308283,22.959222399999998,5
563,INDIANA UNIVERSITY-PURDUE UNIVERSITY INDIANAPOLIS,561,United States,39.77388320000001,-86.1763393,5
564,KANAZAWA UNIVERSITY,561,Japan,36.5454425,136.70775030000001,5
565,KARL-FRANZENS-UNIVERSITÄT GRAZ,561,Austria,47.0777872,15.4499126,5
566,MARTIN-LUTHER-UNIVERSITÄT HALLE-WITTENBERG,561,Germany,51.4861319,11.9695315,5
567,NATIONAL TAIPEI UNIVERSITY OF TECHNOLOGY,561,Taiwan,25.0422329,121.53549740000001,5
568,UNIVERSITAT DE VALÈNCIA,561,Spain,39.47932539999999,-0.3593863,5
569,UNIVERSITY OF PRETORIA,561,South Africa,-25.7545492,28.231447600000003,5
570,UNIVERSITY OF SOUTH CAROLINA AT COLUMBIA,561,United States,33.9937575,-81.0299186,5
571,BOĞAZIÇI ÜNIVERSITESI,571,Turkey,41.0847571,29.0510399,5
572,CHONBUK NATIONAL UNIVERSITY,571,South Korea,35.8441821,127.1292777,5
573,COVENTRY UNIVERSITY,571,United Kingdom,52.407174700000006,-1.5037461,5
574,DALIAN UNIVERSITY OF TECHNOLOGY,571,China,38.880381,121.529021,5
575,MASARYK UNIVERSITY,571,Czech Republic,49.19862990000001,16.605384,5
576,SARAJEVO SCHOOL OF SCIENCE AND TECHNOLOGY,571,Bosnia and Herzegovina,43.8238535,18.3084046,5
577,TOKYO UNIVERSITY OF AGRICULTURE AND TECHNOLOGY,571,Japan,35.683648,139.48364919999997,5
578,UNIVERSITÀ DEGLI STUDI DI TORINO (UNITO),571,Italy,45.06942799999999,7.688900599999999,5
579,UNIVERSITÄT REGENSBURG,571,Germany,48.9992339,12.093165800000001,5
580,UNIVERSITÉ PARIS DESCARTES,571,France,48.8512215,2.3408287,5
581,COLLEGE OF WILLIAM & MARY,581,United States,37.271674,-76.71337799999998,5
582,IMAM ABDULRAHMAN BIN FAISAL UNIVERSITY (IAU) (FORMERLY UNIVERSITY OF DAMMAM),581,Saudi Arabia,26.3921608,50.1894618,5
583,INSTITUTO TECNOLÓGICO DE BUENOS AIRES (ITBA),581,Argentina,-34.603193299999994,-58.36778529999999,5
584,KONKUK UNIVERSITY,581,South Korea,37.5407625,127.0793428,5
585,UNIVERSIDAD ANAHUAC,581,Mexico,19.406241199999997,-99.2603662,5
586,UNIVERSIDADE DE SANTIAGO DE COMPOSTELA,581,Spain,42.8885225,-8.5449726,5
587,UNIVERSITÀ DEGLI STUDI DI PAVIA (UNIPV),581,Italy,45.1867055,9.1568417,5
588,UNIVERSITÄT LEIPZIG,581,Germany,51.3385738,12.3784615,5
589,UNIVERSITY OF GUELPH,581,Canada,43.5328929,-80.2262444,5
590,"UNIVERSITY OF MASSACHUSETTS, BOSTON",581,United States,42.314491499999995,-71.03732790000001,5
591,UNIVERSITY OF OREGON,581,United States,44.0448302,-123.0726055,5
592,VILNIUS GEDIMINAS TECHNICAL UNIVERSITY,581,Lithuania,54.7224678,25.3376688,5
593,HALLYM UNIVERSITY,591,South Korea,37.8862292,127.73777220000001,5
594,"KINGSTON UNIVERSITY, LONDON",591,United Kingdom,51.4291912,-0.26421,5
595,MICHIGAN TECHNOLOGICAL UNIVERSITY,591,United States,47.11677479999999,-88.54602179999998,5
596,MURDOCH UNIVERSITY,591,Australia,-32.0665135,115.83583130000001,5
597,UNIVERSIDAD DE SALAMANCA,591,Spain,40.9613376,-5.6669250999999985,5
598,UNIVERSIDAD DE SAN ANDRÉS,591,Argentina,-34.44612,-58.529949,5
599,UNIVERSITY OF BALAMAND,591,Lebanon,34.364374700000006,35.7836648,5
600,UNIVERSITY OF BRADFORD,591,United Kingdom,53.7915488,-1.7662402,5
601,UNIVERSITY OF HULL,591,United Kingdom,53.773162,-0.36774640000000003,5
602,UNIVERSITY OF HYDERABAD,591,India,17.4567372,78.32638399999998,5
603,"UNIVERSITY OF MISSOURI, COLUMBIA",591,United States,38.94038079999999,-92.3277375,5
604,UNIVERSITY OF MONS,591,Belgium,50.458771399999996,3.9521652,5
605,ALTAI STATE UNIVERSITY,601,Russia,53.34820870000001,83.77578779999997,6
606,BAR-ILAN UNIVERSITY,601,Israel,32.0691989,34.8430876,6
607,CENTRAL QUEENSLAND UNIVERSITY,601,Australia,-23.3264685,150.5189408,6
608,CITY UNIVERSITY OF NEW YORK,601,United States,40.8732506,-73.89367440000001,6
609,CLARKSON UNIVERSITY,601,United States,44.66376109999999,-74.998544,6
610,IRAN UNIVERSITY OF SCIENCE AND TECHNOLOGY,601,Iran,35.742474,51.5023103,6
611,JADAVPUR UNIVERSITY,601,India,22.497841100000002,88.3717181,6
612,KAGOSHIMA UNIVERSITY,601,Japan,31.570129499999997,130.54457150000002,6
613,KEELE UNIVERSITY,601,United Kingdom,53.00343729999999,-2.272053000000001,6
614,LANZHOU UNIVERSITY,601,China,36.0477699,103.85856240000001,6
615,LEBANESE AMERICAN UNIVERSITY,601,Lebanon,33.8929019,35.4778571,6
616,LINGNAN UNIVERSITY (HONG KONG),601,Hong Kong,22.40994,113.98321200000001,6
617,LOBACHEVSKY STATE UNIVERSITY OF NIZHNI NOVGOROD,601,Russia,56.29867609999999,43.9810714,6
618,NATIONAL CHENGCHI UNIVERSITY,601,Taiwan,24.986456399999998,121.57561979999998,6
619,"NATIONAL TECHNICAL UNIVERSITY OF UKRAINE ""KYIV POLYTECHNIC INSTITUTE""",601,Ukraine,50.448882399999995,30.4572542,6
620,OSAKA PREFECTURE UNIVERSITY,601,Japan,34.545466600000005,135.5068517,6
621,PHILIPPS-UNIVERSITÄT MARBURG,601,Germany,50.8106859,8.7741641,6
622,PONTIFÍCIA UNIVERSIDADE CATÓLICA DO RIO DE JANEIRO - PUC - RIO,601,Brazil,-22.9793966,-43.233087299999994,6
623,"RUTGERS - THE STATE UNIVERSITY OF NEW JERSEY, NEWARK",601,United States,40.500818599999995,-74.44739910000001,6
624,SICHUAN UNIVERSITY,601,China,30.663964,104.071022,6
625,SMITH COLLEGE,601,United States,42.3162992,-72.6403095,6
626,TALLINN UNIVERSITY OF TECHNOLOGY,601,Estonia,59.395883999999995,24.671431,6
627,TAYLOR'S UNIVERSITY,601,Malaysia,3.0636229999999998,101.61739279999999,6
628,THAMMASAT UNIVERSITY,601,Thailand,13.757427900000001,100.4899827,6
629,UNIVERSIDAD DE SEVILLA,601,Spain,37.3807579,-5.9912307,6
630,UNIVERSIDAD DEL PAIS VASCO,601,Spain,43.330943299999994,-2.9678921000000003,6
631,UNIVERSIDAD NACIONAL DE LA PLATA,601,Argentina,-34.9003257,-57.931788899999994,6
632,UNIVERSIDADE FEDERAL DE MINAS GERAIS,601,Brazil,-19.870682000000002,-43.9677359,6
633,UNIVERSIDADE FEDERAL DO RIO GRANDE DO SUL,601,Brazil,-30.0335969,-51.2198396,6
634,UNIVERSITÄT BAYREUTH,601,Germany,49.9288196,11.585830999999999,6
635,UNIVERSITÄT DUISBURG-ESSEN,601,Germany,51.4639635,7.005545799999998,6
636,UNIVERSITÄT POTSDAM,601,Germany,52.4010314,13.011909800000002,6
637,UNIVERSITÉ CLAUDE BERNARD LYON 1,601,France,45.77958710000001,4.8656025000000005,6
638,UNIVERSITÉ DE FRIBOURG,601,Switzerland,46.806357,7.152006,6
639,UNIVERSITI UTARA MALAYSIA (UUM),601,Malaysia,6.457509600000002,100.5054318,6
640,UNIVERSITY OF CANBERRA,601,Australia,-35.2384551,149.08444550000002,6
641,UNIVERSITY OF DEBRECEN,601,Hungary,47.553503899999995,21.621475600000004,6
642,UNIVERSITY OF JORDAN,601,Jordan,32.016045299999995,35.8695354,6
643,UNIVERSITY OF MANITOBA,601,Canada,49.8075008,-97.13662590000001,6
644,UNIVERSITY OF MILANO-BICOCCA,601,Italy,45.5184868,9.2130554,6
645,UNIVERSITY OF PLYMOUTH,601,United Kingdom,50.376186600000004,-4.139491899999999,6
646,UNIVERSITY OF PORTSMOUTH,601,United Kingdom,50.7951866,-1.0935923,6
647,UNIVERSITY OF TAMPERE,601,Finland,61.44897999999999,23.859061800000003,6
648,UNIVERSITY OF ULSTER,601,United Kingdom,55.00623620000001,-7.323610700000001,6
649,UNIVERSITY OF WESTMINSTER,601,United Kingdom,51.52058659999999,-0.141079,6
650,VIRGINIA COMMONWEALTH UNIVERSITY,601,United States,37.548312200000005,-77.4526805,6
651,WARSAW UNIVERSITY OF TECHNOLOGY,601,Poland,52.2212012,21.0080857,6
652,WORCESTER POLYTECHNIC INSTITUTE,601,United States,42.27463669999999,-71.8063379,6
653,AJOU UNIVERSITY,651,South Korea,37.2828093,127.04636540000001,6
654,ATENEO DE MANILA UNIVERSITY,651,Philippines,14.6394505,121.0780915,6
655,BRNO UNIVERSITY OF TECHNOLOGY,651,Czech Republic,49.20171999999999,16.6033168,6
656,CARLETON UNIVERSITY,651,Canada,45.38758120000001,-75.69602019999998,6
657,CHARLES DARWIN UNIVERSITY,651,Australia,-12.3717852,130.8689199,6
658,CHIANG MAI UNIVERSITY,651,Thailand,18.7957215,98.9523301,6
659,CHINA AGRICULTURAL UNIVERSITY,651,China,40.004202,116.35298799999998,6
660,CHONNAM NATIONAL UNIVERSITY,651,South Korea,35.1761175,126.90581670000002,6
661,E.A.BUKETOV KARAGANDA STATE UNIVERSITY,651,Kazakhstan,49.7708253,73.1255132,6
662,GIFU UNIVERSITY,651,Japan,35.466223600000006,136.73657519999998,6
663,HOLY SPIRIT UNIVERSITY OF KASLIK,651,Lebanon,33.981943,35.618662,6
664,INSTITUTO POLITÉCNICO NACIONAL (IPN),651,Mexico,19.456015100000002,-99.16563790000001,6
665,INSTITUTO TECNOLÓGICO AUTONOMO DE MÉXICO (ITAM),651,Mexico,19.3450908,-99.20010390000002,6
666,INTERNATIONAL ISLAMIC UNIVERSITY MALAYSIA (IIUM),651,Malaysia,3.2504767000000006,101.7346695,6
667,ISTANBUL TECHNICAL UNIVERSITY,651,Turkey,41.1055941,29.0253401,6
668,JORDAN UNIVERSITY OF SCIENCE AND TECHNOLOGY,651,Jordan,32.4950392,35.9912257,6
669,KAZAKH NATIONAL AGRARIAN UNIVERSITY,651,Kazakhstan,43.2419527,76.95287669999998,6
670,KAZAKH-BRITISH TECHNICAL UNIVERSITY,651,Kazakhstan,43.2551842,76.9431381,6
671,KYUNGPOOK NATIONAL UNIVERSITY,651,South Korea,35.888836,128.61029969999998,6
672,LOUISIANA STATE UNIVERSITY,651,United States,30.413257899999998,-91.1800023,6
673,MEMORIAL UNIVERSITY OF NEWFOUNDLAND,651,Canada,47.5737975,-52.7329053,6
674,NATIONAL AND KAPODISTRIAN UNIVERSITY OF ATHENS,651,Greece,37.968196,23.778687100000003,6
675,NATIONAL CHUNG HSING UNIVERSITY,651,Taiwan,24.123552,120.675326,6
676,NIIGATA UNIVERSITY,651,Japan,37.867708799999996,138.9418977,6
677,PADJADJARAN UNIVERSITY,651,Indonesia,-6.9261320999999985,107.7746881,6
678,PALACKÝ UNIVERSITY IN OLOMOUC,651,Czech Republic,49.5954268,17.2600152,6
679,SEJONG UNIVERSITY,651,South Korea,37.550259600000004,127.07313899999998,6
680,SOUTHERN METHODIST UNIVERSITY,651,United States,32.8412178,-96.7845175,6
681,STEVENS INSTITUTE OF TECHNOLOGY,651,United States,40.744835200000004,-74.02569240000001,6
682,TEMPLE UNIVERSITY,651,United States,39.981193499999996,-75.1553512,6
683,TOKYO METROPOLITAN UNIVERSITY,651,Japan,35.6195382,139.3828392,6
684,UNIVERSIDAD DE CONCEPCIÓN,651,Chile,-36.8294765,-73.0341825,6
685,UNIVERSIDAD TORCUATO DI TELLA,651,Argentina,-34.5474028,-58.4467186,6
686,UNIVERSITÉ DE LILLE,651,France,50.63165619999999,3.0752035,6
687,UNIVERSITÉ DE SHERBROOKE,651,Canada,45.3794876,-71.928546,6
688,UNIVERSITÉ NICE SOPHIA-ANTIPOLIS,651,France,43.7169594,7.267060300000001,6
689,UNIVERSITY AT ALBANY SUNY,651,United States,42.6850273,-73.82479029999999,6
690,UNIVERSITY OF BAGHDAD,651,Iraq,33.3463639,44.377402200000006,6
691,UNIVERSITY OF CRETE,651,Greece,35.3073146,25.0826527,6
692,UNIVERSITY OF DENVER,651,United States,39.6766174,-104.96189650000001,6
693,UNIVERSITY OF HAIFA,651,Israel,32.7614296,35.0195184,6
694,UNIVERSITY OF HOUSTON,651,United States,29.7199489,-95.3422334,6
695,UNIVERSITY OF LJUBLJANA,651,Slovenia,46.0491938,14.5041552,6
696,UNIVERSITY OF MINHO,651,Portugal,41.56073189999999,-8.3962368,6
697,UNIVERSITY OF SEOUL,651,South Korea,37.583865700000004,127.0587771,6
698,UNIVERSITY OF SHARJAH,651,United Arab Emirates,25.286770800000003,55.4783714,6
699,UNIVERSITY OF WINDSOR,651,Canada,42.30431420000001,-83.06603899999998,6
700,UNIVERSITY OF WYOMING,651,United States,41.3148754,-105.5665744,6
701,VICTORIA UNIVERSITY,651,Australia,-37.793693,144.89873400000002,6
702,ABU DHABI UNIVERSITY,701,United Arab Emirates,24.365309,54.562999,7
703,AIN SHAMS UNIVERSITY,701,Egypt,30.0759774,31.28111879999999,7
704,ALPEN-ADRIA-UNIVERSITÄT KLAGENFURT,701,Austria,46.616079,14.2652899,7
705,BOGOR AGRICULTURAL UNIVERSITY,701,Indonesia,-6.554081599999999,106.7234284,7
706,BOURNEMOUTH UNIVERSITY,701,United Kingdom,50.74244729999999,-1.8961022,7
707,CHUNGNAM NATIONAL UNIVERSITY,701,South Korea,36.367938099999996,127.3442986,7
708,CLEMSON UNIVERSITY,701,United States,34.673843700000006,-82.83686540000001,7
709,DANKOOK UNIVERSITY,701,South Korea,37.3215984,127.1267503,7
710,EOTVOS LORAND UNIVERSITY,701,Hungary,47.490569799999996,19.0585445,7
711,GEORGIA STATE UNIVERSITY,701,United States,33.753068,-84.38528190000002,7
712,GUNMA UNIVERSITY,701,Japan,36.43098,139.04446719999999,7
713,HUNAN UNIVERSITY,701,China,28.178915000000003,112.94395,7
714,LAHORE UNIVERSITY OF MANAGEMENT SCIENCES (LUMS),701,Pakistan,31.469978100000002,74.4110872,7
715,MAYNOOTH UNIVERSITY,701,Ireland,53.38447799999999,-6.6011155,7
716,MISSOURI UNIVERSITY OF SCIENCE AND TECHNOLOGY,701,United States,37.9537078,-91.7756271,7
717,"NATIONAL TECHNICAL UNIVERSITY ""KHARKIV POLYTECHNIC INSTITUTE""",701,Ukraine,49.999001899999996,36.2498081,7
718,NORTHUMBRIA UNIVERSITY AT NEWCASTLE,701,United Kingdom,54.976762300000004,-1.6074983,7
719,SAMARA NATIONAL RESEARCH UNIVERSITY (SAMARA UNIVERSITY),701,Russia,53.213399,50.175740600000005,7
720,SHANGHAI INTERNATIONAL STUDIES UNIVERSITY,701,China,31.229618,121.418586,7
721,TECHNISCHE UNIVERSITÄT DORTMUND,701,Germany,51.4921902,7.414136200000001,7
722,TEXAS TECH UNIVERSITY,701,United States,33.584259100000004,-101.8782822,7
723,UNIVERSIDAD ADOLFO IBÁÑEZ,701,Chile,-33.4884091,-70.51831800000001,7
724,UNIVERSIDAD DE ANTIOQUIA,701,Colombia,6.267747900000001,-75.5688416,7
725,UNIVERSIDAD DE SAN FRANCISCO DE QUITO,701,Ecuador,-0.19689,-78.4357443,7
726,UNIVERSIDAD IBEROAMERICANA (UIA),701,Mexico,19.3700458,-99.2638791,7
727,UNIVERSIDADE FEDERAL DE SÃO CARLOS,701,Brazil,-21.9838521,-47.8815359,7
728,UNIVERSITÀ DEGLI STUDI DI FERRARA,701,Italy,44.8334299,11.6262692,7
729,UNIVERSITÀ DEGLI STUDI DI GENOVA,701,Italy,44.4149029,8.926743000000002,7
730,UNIVERSITÀ DEGLI STUDI DI SIENA (UNISI),701,Italy,43.3191797,11.3329627,7
731,UNIVERSITÀ DEGLI STUDI DI TRIESTE (UNITS),701,Italy,45.658547799999994,13.793236499999999,7
732,UNIVERSITÄT BIELEFELD,701,Germany,52.0367238,8.4952413,7
733,UNIVERSITÄT DÜSSELDORF,701,Germany,51.1888113,6.794503,7
734,UNIVERSITÄT ROSTOCK,701,Germany,54.075544799999996,12.1035044,7
735,UNIVERSITÉ DE RENNES 1,701,France,48.1159299,-1.6729599999999998,7
736,UNIVERSITI TENAGA NASIONAL (UNITEN),701,Malaysia,2.9767552999999998,101.7336879,7
737,UNIVERSITY OF ALABAMA,701,United States,33.2140233,-87.5391418,7
738,UNIVERSITY OF BRESCIA,701,Italy,45.537836999999996,10.217297,7
739,UNIVERSITY OF EAST LONDON,701,United Kingdom,51.507602399999996,0.0650809,7
740,UNIVERSITY OF GREENWICH,701,United Kingdom,51.4829308,-0.0069949999999999995,7
741,UNIVERSITY OF HUDDERSFIELD,701,United Kingdom,53.643727,-1.7787887999999998,7
742,UNIVERSITY OF KUFA,701,Iraq,32.0205692,44.3751184,7
743,UNIVERSITY OF PATRAS,701,Greece,38.289229999999996,21.785369,7
744,UNIVERSITY OF PÉCS,701,Hungary,46.074182799999996,18.237722,7
745,UNIVERSITY OF TEHRAN,701,Iran,35.7022192,51.39573069999999,7
746,UNIVERSITY OF TULSA,701,United States,36.151987899999995,-95.946,7
747,VIETNAM NATIONAL UNIVERSITY - HO CHI MINH CITY (VNU-HCM),701,Vietnam,10.868609300000001,106.7963008,7
748,YAMAGUCHI UNIVERSITY,701,Japan,34.1485756,131.4678693,7
749,YOKOHAMA NATIONAL UNIVERSITY,701,Japan,35.472318900000005,139.5917861,7
750,ZAYED UNIVERSITY,701,United Arab Emirates,25.1034537,55.38464820000001,7
751,AIRLANGGA UNIVERSITY,751,Indonesia,-7.2720192,112.75873759999999,7
752,ANNA UNIVERSITY,751,India,13.0108831,80.2353768,7
753,BEIJING FOREIGN STUDIES UNIVERSITY,751,China,39.955302,116.307359,7
754,BEIJING JIAOTONG UNIVERSITY,751,China,39.952371,116.34700500000001,7
755,BEIJING UNIVERSITY OF TECHNOLOGY,751,China,39.871611,116.479529,7
756,COMENIUS UNIVERSITY IN BRATISLAVA,751,Slovakia,48.14119179999999,17.1159646,7
757,COMSATS INSTITUTE OF INFORMATION TECHNOLOGY,751,Pakistan,33.651826299999996,73.1565933,7
758,DUBLIN INSTITUTE OF TECHNOLOGY (DIT),751,Ireland,53.3371436,-6.268236600000002,7
759,EDITH COWAN UNIVERSITY (ECU),751,Australia,-31.9193097,115.86848859999999,7
760,GERMAN JORDANIAN UNIVERSITY,751,Jordan,31.776093100000004,35.803987799999994,7
761,"JAMIA MILLIA ISLAMIA, NEW DELHI",751,India,28.5620257,77.2827147,7
762,KANSAS STATE UNIVERSITY,751,United States,39.1974437,-96.58472490000001,7
763,KARAGANDA STATE TECHNICAL UNIVERSITY,751,Kazakhstan,49.818605100000006,73.10439749999998,7
764,KAUNAS UNIVERSITY OF TECHNOLOGY,751,Lithuania,54.898991,23.912825,7
765,KENT STATE UNIVERSITY,751,United States,41.1490629,-81.34146489999998,7
766,LONDON METROPOLITAN UNIVERSITY,751,United Kingdom,51.551617,-0.11071500000000001,7
767,LONDON SOUTH BANK UNIVERSITY,751,United Kingdom,51.497980600000005,-0.1023327,7
768,MANIPAL UNIVERSITY,751,India,13.3533424,74.7849078,7
769,MIDDLESEX UNIVERSITY,751,United Kingdom,51.59013789999999,-0.22891399999999998,7
770,NAGOYA INSTITUTE OF TECHNOLOGY (NIT),751,Japan,35.1572112,136.9249986,7
771,NATIONAL UNIVERSITY LVIV POLYTECHNIC,751,Ukraine,49.83546,24.014392899999997,7
772,NEW JERSEY INSTITUTE OF TECHNOLOGY (NJIT),751,United States,40.7423345,-74.17934090000001,7
773,OKLAHOMA STATE UNIVERSITY,751,United States,36.1270236,-97.0737222,7
774,PARIS LODRON UNIVERSITÄT SALZBURG,751,Austria,47.79722959999999,13.0479826,7
775,PONTIFICIA UNIVERSIDAD CATÓLICA DE VALPARAÍSO,751,Chile,-33.044407,-71.60587199999998,7
776,RIGA TECHNICAL UNIVERSITY,751,Latvia,56.94720110000001,24.1051693,7
777,SLOVAK UNIVERSITY OF TECHNOLOGY IN BRATISLAVA,751,Slovakia,48.1547031,17.1175266,7
778,SOPHIA UNIVERSITY,751,Japan,35.6835627,139.7325889,7
779,SUMY STATE UNIVERSITY,751,Ukraine,50.8918344,34.8432391,7
780,TOKYO UNIVERSITY OF SCIENCE,751,Japan,35.699780100000005,139.7414708,7
781,UNIVERSIDAD AUTÓNOMA METROPOLITANA (UAM),751,Mexico,19.3623565,-99.0728516,7
782,UNIVERSIDAD CENTRAL DE VENEZUELA (UCV),751,Venezuela,10.4883502,-66.8891696,7
783,UNIVERSIDAD DE GUADALAJARA (UDG),751,Mexico,20.6748751,-103.3589671,7
784,UNIVERSIDAD DE LAS AMÉRICAS PUEBLA (UDLAP),751,Mexico,19.0548945,-98.2845204,7
785,UNIVERSIDAD NACIONAL COSTA RICA,751,Costa Rica,9.9986861,-84.11118580000002,7
786,UNIVERSIDAD PANAMERICANA (UP),751,Mexico,19.373173100000002,-99.1836532,7
787,"UNIVERSIDADE CATÓLICA PORTUGUESA, LISBOA",751,Portugal,38.749231,-9.166027,7
788,UNIVERSIDADE DE BRASÍLIA,751,Brazil,-15.7631573,-47.8706311,7
789,UNIVERSIDADE FEDERAL DE SANTA CATARINA,751,Brazil,-27.600703399999997,-48.519177500000005,7
790,UNIVERSITÀ CA' FOSCARI VENEZIA,751,Italy,45.434532,12.326197,7
791,UNIVERSITÀ DEGLI STUDI DI PERUGIA,751,Italy,43.1164268,12.3868984,7
792,UNIVERSITI TEKNOLOGI MARA (UITM),751,Malaysia,3.0675831000000002,101.49923609999999,7
793,UNIVERSITY OF BRIGHTON,751,United Kingdom,50.8485742,-0.11193430000000001,7
794,UNIVERSITY OF CENTRAL FLORIDA,751,United States,28.602427399999996,-81.2000599,7
795,UNIVERSITY OF ELECTRONIC SCIENCE AND TECHNOLOGY OF CHINA,751,China,30.673684,104.098246,7
796,UNIVERSITY OF HERTFORDSHIRE,751,United Kingdom,51.76136839999999,-0.2482228,7
797,UNIVERSITY OF KWAZULU-NATAL,751,South Africa,-29.867421899999997,30.9807272,7
798,UNIVERSITY OF NEW HAMPSHIRE,751,United States,43.138948,-70.9370252,7
799,UNIVERSITY OF SALFORD,751,United Kingdom,53.486443200000004,-2.273396,7
800,UNIVERSITY OF SOUTHERN QUEENSLAND,751,Australia,-27.6043593,151.93039050000002,7
801,ADAM MICKIEWICZ UNIVERSITY,801,Poland,52.4083974,16.9154021,8
802,AGH UNIVERSITY OF SCIENCE AND TECHNOLOGY,801,Poland,50.06688579999999,19.9136192,8
803,AJMAN UNIVERSITY,801,United Arab Emirates,25.4122955,55.50657579999999,8
804,AL AKHAWAYN UNIVERSITY IFRANE,801,Morocco,33.5393836,-5.1057953000000005,8
805,AL AZHAR UNIVERSITY,801,Egypt,30.05933,31.31302,8
806,ALEXANDRIA UNIVERSITY,801,Egypt,31.2105164,29.9132281,8
807,ALEXANDRU IOAN CUZA UNIVERSITY,801,Romania,47.1739612,27.5721063,8
808,"ALIGARH MUSLIM UNIVERSITY (AMU), ALIGARH",801,India,27.9135016,78.0781901,8
809,AL-IMAM MOHAMED IBN SAUD ISLAMIC UNIVERSITY,801,Saudi Arabia,24.8135951,46.7019289,8
810,AMITY UNIVERSITY,801,India,28.543910600000004,77.3333123,8
811,AMRITA UNIVERSITY,801,India,10.9026791,76.9006279,8
812,ANKARA ÜNIVERSITESI,801,Turkey,39.934855,32.8338615,8
813,AOYAMA GAKUIN UNIVERSITY,801,Japan,35.6603742,139.70955790000002,8
814,ASSIUT UNIVERSITY,801,Egypt,27.188916100000004,31.168594800000005,8
815,ATHENS UNIVERSITY OF ECONOMICS AND BUSINESS,801,Greece,37.9940805,23.7324354,8
816,AUBURN UNIVERSITY,801,United States,32.593357399999995,-85.4951663,8
817,AUSTRALIAN CATHOLIC UNIVERSITY,801,Australia,-37.807498200000005,144.97789980000002,8
818,BABES-BOLYAI UNIVERSITY,801,Romania,46.7677955,23.5912762,8
819,BAKU STATE UNIVERSITY,801,Azerbaijan,40.3745524,49.81144579999999,8
820,BANARAS HINDU UNIVERSITY,801,India,25.317645199999998,82.97391440000001,8
821,BANGLADESH UNIVERSITY OF ENGINEERING AND TECHNOLOGY,801,Bangladesh,23.726102100000002,90.3919298,8
822,BAYLOR UNIVERSITY,801,United States,31.5497007,-97.1143046,8
823,BELARUSIAN NATIONAL TECHNICAL UNIVERSITY,801,Belarus,53.9210216,27.5930322,8
824,BENEMÉRITA UNIVERSIDAD AUTÓNOMA DE PUEBLA,801,Mexico,19.0420883,-98.1951141,8
825,BINGHAMTON UNIVERSITY SUNY,801,United States,42.089355299999994,-75.96970490000001,8
826,BIRLA INSTITUTE OF TECHNOLOGY AND SCIENCE,801,India,28.3588163,75.58802039999998,8
827,BIRZEIT UNIVERSITY,801,Palestinian Territory,31.9591925,35.1820071,8
828,BRIGHAM YOUNG UNIVERSITY,801,United States,40.2518435,-111.6493156,8
829,BUDAPEST UNIVERSITY OF TECHNOLOGY AND ECONOMICS,801,Hungary,47.4813261,19.055483399999996,8
830,CENTRAL SOUTH UNIVERSITY,801,China,28.16437,112.93251000000001,8
831,CHARLES STURT UNIVERSITY,801,Australia,-35.058416799999996,147.3537117,8
832,CHONGQING UNIVERSITY,801,China,29.56488,106.468097,8
833,CORVINUS UNIVERSITY OF BUDAPEST,801,Hungary,47.485961700000004,19.0579744,8
834,CRACOW UNIVERSITY OF TECHNOLOGY,801,Poland,50.072044399999996,19.942796100000002,8
835,DE LA SALLE UNIVERSITY,801,Philippines,14.5647294,120.99318159999999,8
836,DIPONEGORO UNIVERSITY,801,Indonesia,-7.051128200000001,110.4409009,8
837,DOSHISHA UNIVERSITY,801,Japan,35.030091600000006,135.76068830000003,8
838,EDINBURGH NAPIER UNIVERSITY,801,United Kingdom,55.933459,-3.2118371,8
839,ESCUELA SUPERIOR POLITÉCNICA DEL LITORAL - ESPOL,801,Ecuador,-2.1481458,-79.9644885,8
840,FENG CHIA UNIVERSITY,801,Taiwan,24.178824,120.6466926,8
841,FLORIDA INTERNATIONAL UNIVERSITY,801,United States,25.7563028,-80.3757191,8
842,FORDHAM UNIVERSITY,801,United States,40.8620404,-73.88569869999998,8
843,FU JEN CATHOLIC UNIVERSITY,801,Taiwan,25.032609,121.4340543,8
844,GAZI ÜNIVERSITESI,801,Turkey,39.94202190000001,32.823005,8
845,GEORGE MASON UNIVERSITY,801,United States,38.8314936,-77.31148890000001,8
846,HACETTEPE UNIVERSITY,801,Turkey,39.8675202,32.734753999999995,8
847,ISTANBUL UNIVERSITY,801,Turkey,41.0126037,28.961838,8
848,KASETSART UNIVERSITY,801,Thailand,13.8475687,100.5696191,8
849,KAZAKH ABLAI KHAN UNIVERSITY OF INTERNATIONAL RELATIONS AND WORLD LANGUAGES,801,Kazakhstan,43.243604,76.92042099999998,8
850,KHON KAEN UNIVERSITY,801,Thailand,16.474116199999997,102.8278044,8
851,KING FAISAL UNIVERSITY,801,Saudi Arabia,25.3405347,49.599911,8
852,KING MONGKUT'S UNIVERSITY OF TECHNOLOGY THONBURI,801,Thailand,13.651024800000002,100.4953802,8
853,KUWAIT UNIVERSITY,801,Kuwait,29.340619899999997,47.9212797,8
854,KYOTO INSTITUTE OF TECHNOLOGY,801,Japan,35.04978010000001,135.7820295,8
855,KYUSHU INSTITUTE OF TECHNOLOGY,801,Japan,33.8924508,130.8403409,8
856,LODZ UNIVERSITY OF TECHNOLOGY,801,Poland,51.7537146,19.451717600000002,8
857,LOYOLA UNIVERSITY CHICAGO,801,United States,41.897326299999996,-87.62515049999998,8
858,MANCHESTER METROPOLITAN UNIVERSITY,801,United Kingdom,53.4704767,-2.2394124,8
859,MARQUETTE UNIVERSITY,801,United States,43.038472999999996,-87.93044549999998,8
860,MEIJI UNIVERSITY,801,Japan,35.697242200000005,139.7615346,8
861,MIAMI UNIVERSITY,801,United States,39.5105334,-84.73087679999998,8
862,MULTIMEDIA UNIVERSITY (MMU),801,Malaysia,2.9276383999999998,101.64205770000001,8
863,MUSTANSIRIYAH UNIVERSITY,801,Iraq,33.3667833,44.4033336,8
864,NATIONAL CHUNG CHENG UNIVERSITY,801,Taiwan,23.563376100000003,120.4728831,8
865,NICOLAUS COPERNICUS UNIVERSITY,801,Poland,53.019518700000006,18.571199399999998,8
866,NORTH-WEST UNIVERSITY,801,South Africa,-26.690468,27.0931653,8
867,NOTRE DAME UNIVERSITY - LOUAIZE (NDU),801,Lebanon,33.951743799999996,35.6159377,8
868,NOTTINGHAM TRENT UNIVERSITY,801,United Kingdom,52.958068000000004,-1.1539858,8
869,NOVOSIBIRSK STATE TECHNICAL UNIVERSITY,801,Russia,54.98706310000001,82.91507059999998,8
870,OCHANOMIZU UNIVERSITY,801,Japan,35.718790000000006,139.7321363,8
871,OHIO UNIVERSITY,801,United States,39.324358000000004,-82.10138889999998,8
872,PLEKHANOV RUSSIAN UNIVERSITY OF ECONOMICS,801,Russia,55.7273504,37.627669700000006,8
873,PONTIFICIA UNIVERSIDAD CATÓLICA DEL ECUADOR,801,Ecuador,-0.2094502,-78.49182059999998,8
874,PONTIFÍCIA UNIVERSIDADE CATÓLICA DO RIO GRANDE DO SUL,801,Brazil,-30.0593446,-51.1734912,8
875,POZNAN UNIVERSITY OF TECHNOLOGY,801,Poland,52.3941095,16.91838,8
876,PRINCE OF SONGKLA UNIVERSITY,801,Thailand,7.006417900000001,100.4992064,8
877,RHODES UNIVERSITY,801,South Africa,-33.313591100000004,26.516313500000003,8
878,RIGA STRADINS UNIVERSITY,801,Latvia,56.9536064,24.054733600000002,8
879,RITSUMEIKAN UNIVERSITY,801,Japan,35.0325561,135.7233044,8
880,RYERSON UNIVERSITY,801,Canada,43.657658500000004,-79.3788017,8
881,SAITAMA UNIVERSITY,801,Japan,35.862300700000006,139.6072773,8
882,SAN DIEGO STATE UNIVERSITY,801,United States,32.77572170000001,-117.0718893,8
883,SAVITRIBAI PHULE PUNE UNIVERSITY,801,India,18.5530759,73.82459349999998,8
884,SEOUL NATIONAL UNIVERSITY OF SCIENCE AND TECHNOLOGY,801,South Korea,37.6316684,127.0774813,8
885,SEPULUH NOPEMBER INSTITUTE OF TECHNOLOGY,801,Indonesia,-7.2823728,112.79489720000001,8
886,SHAHID BEHESHTI UNIVERSITY TEHRAN,801,Iran,35.799062799999994,51.3946864,8
887,SHINSHU UNIVERSITY,801,Japan,36.25000259999999,137.9788675,8
888,SHIRAZ UNIVERSITY,801,Iran,29.645973100000003,52.4940247,8
889,SIBERIAN FEDERAL UNIVERSITY,801,Russia,56.004290000000005,92.771924,8
890,"SOFIA UNIVERSITY ""ST. KLIMENT OHRIDSKI""",801,Bulgaria,42.6935079,23.334792800000002,8
891,SOUTH URAL STATE UNIVERSITY,801,Russia,55.16049,61.370200100000005,8
892,SOUTHERN CROSS UNIVERSITY,801,Australia,-28.81799,153.29781499999999,8
893,TALLINN UNIVERSITY,801,Estonia,59.438742000000005,24.771645,8
894,TECHNICAL UNIVERSITY OF KOSICE,801,Slovakia,48.73046979999999,21.2455912,8
895,TECNOLÓGICO DE COSTA RICA -TEC,801,Costa Rica,9.857247000000001,-83.912313,8
896,THAPAR UNIVERSITY,801,India,30.3529716,76.3710378,8
897,THE ROBERT GORDON UNIVERSITY,801,United Kingdom,57.11808139999999,-2.1442172999999998,8
898,TOKAI UNIVERSITY,801,Japan,35.664446399999996,139.68454119999998,8
899,UNIVERSIDAD AUSTRAL DE CHILE,801,Chile,-39.806163899999994,-73.25165909999998,8
900,UNIVERSIDAD AUTÓNOMA DE NUEVO LEÓN (UANL),801,Mexico,25.726406,-100.3119038,8
901,UNIVERSIDAD AUTÓNOMA DEL ESTADO DE MÉXICO,801,Mexico,19.2841203,-99.6779989,8
902,UNIVERSIDAD CATÓLICA ANDRÉS BELLO - UCAB,801,Venezuela,10.4642,-66.97579999999999,8
903,UNIVERSIDAD DE CASTILLA-LA MANCHA,801,Spain,38.99404390000001,-3.9204979,8
904,UNIVERSIDAD DE LA REPÚBLICA (UDELAR),801,Uruguay,-34.902784600000004,-56.17646189999999,8
905,UNIVERSIDAD DE LA SABANA,801,Colombia,4.861578700000001,-74.0325368,8
906,UNIVERSIDAD DE LOS ANDES MÉRIDA,801,Venezuela,8.606862099999999,-71.145264,8
907,UNIVERSIDAD DE MONTERREY,801,Mexico,25.661072,-100.42043570000001,8
908,UNIVERSIDAD DE MURCIA,801,Spain,38.01875100000001,-1.1693799999999999,8
909,UNIVERSIDAD DE OVIEDO,801,Spain,43.361718700000004,-5.846269800000001,8
910,UNIVERSIDAD DE PUERTO RICO,801,Puerto Rico,18.402809100000002,-66.05004070000001,8
911,UNIVERSIDAD DE TALCA,801,Chile,-35.404267499999996,-71.6353226,8
912,UNIVERSIDAD DE VALPARAÍSO,801,Chile,-33.040634600000004,-71.62544729999998,8
913,UNIVERSIDAD DEL NORTE,801,Colombia,11.019479400000002,-74.8504209,8
914,UNIVERSIDAD DEL ROSARIO,801,Colombia,4.600502099999999,-74.0733518,8
915,UNIVERSIDAD DEL VALLE,801,Colombia,3.3759438999999998,-76.5333902,8
916,UNIVERSIDAD DIEGO PORTALES,801,Chile,-33.4498654,-70.6616465,8
917,UNIVERSIDAD EAFIT,801,Colombia,6.199548,-75.57934,8
918,UNIVERSIDAD INDUSTRIAL DE SANTANDER,801,Colombia,7.140089,-73.1205516,8
919,UNIVERSIDAD LATINOAMERICANA DE CIENCIA Y TECNOLOGÍA COSTA RICA (ULACIT),801,Costa Rica,9.9412355,-84.0774429,8
920,UNIVERSIDAD METROPOLITANA,801,Venezuela,10.499623099999999,-66.7843297,8
921,UNIVERSIDAD NACIONAL DE CÓRDOBA,801,Argentina,-31.4354855,-64.1855702,8
922,UNIVERSIDAD NACIONAL DE CUYO,801,Argentina,-32.880732,-68.8779859,8
923,UNIVERSIDAD NACIONAL DE MAR DEL PLATA,801,Argentina,-38.005370899999996,-57.57089999999999,8
924,UNIVERSIDAD NACIONAL DE ROSARIO,801,Argentina,-32.95027290000001,-60.63603199999999,8
925,UNIVERSIDAD NACIONAL DEL LITORAL,801,Argentina,-31.6350243,-60.7052163,8
926,UNIVERSIDAD NACIONAL MAYOR DE SAN MARCOS,801,Peru,-12.0560257,-77.0844226,8
927,UNIVERSIDAD PERUANA CAYETANO HEREDIA,801,Peru,-12.023947099999999,-77.0564991,8
928,UNIVERSIDAD REY JUAN CARLOS,801,Spain,40.335866100000004,-3.8769432,8
929,UNIVERSIDAD SIMÓN BOLÍVAR VENEZUELA,801,Venezuela,10.408363,-66.8755735,8
930,UNIVERSIDAD TÉCNICA FEDERICO SANTA MARÍA,801,Chile,-33.0352386,-71.59677940000002,8
931,UNIVERSIDAD TECNOLÓGICA DE PANAMÁ (UTP),801,Panama,9.0238187,-79.53153979999998,8
932,UNIVERSIDAD TECNOLÓGICA NACIONAL (UTN),801,Argentina,-34.6045381,-58.372781399999994,8
933,UNIVERSIDADE DA CORUÑA,801,Spain,43.369464,-8.4199065,8
934,UNIVERSIDADE DE VIGO,801,Spain,42.169763200000006,-8.6845784,8
935,UNIVERSIDADE DO ESTADO DO RIO DE JANEIRO (UERJ),801,Brazil,-22.9111511,-43.2360028,8
936,UNIVERSIDADE ESTADUAL DE LONDRINA,801,Brazil,-23.324191199999998,-51.200354700000005,8
937,UNIVERSIDADE FEDERAL DA BAHIA,801,Brazil,-13.003675999999999,-38.510012700000004,8
938,UNIVERSIDADE FEDERAL DE SANTA MARIA,801,Brazil,-29.721551399999996,-53.718360600000004,8
939,UNIVERSIDADE FEDERAL DE VIÇOSA,801,Brazil,-20.757159899999998,-42.873311799999996,8
940,UNIVERSIDADE FEDERAL DO CEARÁ (UFC),801,Brazil,-3.7484821000000004,-38.5766456,8
941,UNIVERSIDADE FEDERAL DO PARANÁ (UFPR),801,Brazil,-25.426908100000002,-49.2617658,8
942,UNIVERSIDADE FEDERAL DO PERNAMBUCO,801,Brazil,-8.051838499999999,-34.950748499999996,8
943,UNIVERSIDADE FEDERAL FLUMINENSE,801,Brazil,-22.90308,-43.11671399999999,8
944,UNIVERSITÀ DEGLI STUDI DI CATANIA (UNICT),801,Italy,37.503564700000005,15.0864981,8
945,UNIVERSITÀ DEGLI STUDI DI MODENA E REGGIO EMILIA,801,Italy,44.6451046,10.927926800000002,8
946,UNIVERSITÀ DEGLI STUDI ROMA TRE,801,Italy,41.862584999999996,12.479095,8
947,UNIVERSITÀ  DEGLI STUDI DI PALERMO,801,Italy,38.11779,13.369838,8
948,UNIVERSITÉ DE CAEN BASSE-NORMANDIE,801,France,49.192609000000004,-0.3641243,8
949,UNIVERSITÉ DE CERGY-PONTOISE,801,France,49.039078700000005,2.0763107,8
950,UNIVERSITÉ DE LORRAINE,801,France,49.120343,6.162798,8
951,UNIVERSITÉ DE NANTES,801,France,47.2095499,-1.5559718,8
952,UNIVERSITÉ DE POITIERS,801,France,46.58569809999999,0.3457981,8
953,UNIVERSITÉ JEAN MOULIN LYON 3,801,France,45.7471823,4.8597484999999985,8
954,UNIVERSITÉ LUMIÈRE LYON 2,801,France,45.75078920000001,4.8371651,8
955,UNIVERSITÉ PARIS OUEST NANTERRE LA DÉFENSE,801,France,48.9042905,2.2134565,8
956,UNIVERSITÉ PAUL-VALÉRY MONTPELLIER 3,801,France,43.6324414,3.870243,8
957,"UNIVERSITÉ TOULOUSE 1, CAPITOLE",801,France,43.6067724,1.4371121999999998,8
958,UNIVERSITY OF ARKANSAS,801,United States,36.068689500000005,-94.1748471,8
959,UNIVERSITY OF BABYLON,801,Iraq,32.3938547,44.3981083,8
960,UNIVERSITY OF BAHRAIN,801,Bahrain,26.0509509,50.513422999999996,8
961,UNIVERSITY OF BARI,801,Italy,41.120554600000006,16.868474499999998,8
962,UNIVERSITY OF BELGRADE,801,Serbia,44.818433899999995,20.4575676,8
963,UNIVERSITY OF BRAWIJAYA,801,Indonesia,-7.952504299999998,112.61386040000001,8
964,UNIVERSITY OF BUCHAREST,801,Romania,44.4355381,26.1011433,8
965,UNIVERSITY OF CALCUTTA,801,India,22.575086199999998,88.3629188,8
966,UNIVERSITY OF CENTRAL LANCASHIRE,801,United Kingdom,53.7641378,-2.7092452999999996,8
967,UNIVERSITY OF COLOMBO,801,Sri Lanka,6.9000149,79.8587938,8
968,UNIVERSITY OF DHAKA,801,Bangladesh,23.7339937,90.392784,8
969,UNIVERSITY OF ENGINEERING & TECHNOLOGY (UET) LAHORE,801,Pakistan,31.5799244,74.3563183,8
970,UNIVERSITY OF GDANSK,801,Poland,54.3961355,18.5743202,8
971,UNIVERSITY OF LATVIA,801,Latvia,56.95080979999999,24.116313199999997,8
972,UNIVERSITY OF LODZ,801,Poland,51.77207749999999,19.4740065,8
973,UNIVERSITY OF MARIBOR,801,Slovenia,46.5591885,15.6433073,8
974,UNIVERSITY OF MISSISSIPPI,801,United States,34.364732399999994,-89.538443,8
975,UNIVERSITY OF MONTANA MISSOULA,801,United States,46.8600672,-113.9852081,8
976,UNIVERSITY OF MUMBAI,801,India,18.929332100000003,72.83103759999999,8
977,UNIVERSITY OF NAIROBI,801,Kenya,-1.2803586,36.8162641,8
978,UNIVERSITY OF NEW ENGLAND,801,Australia,-30.4899535,151.6410199,8
979,UNIVERSITY OF SAN DIEGO,801,United States,32.7719191,-117.18821299999999,8
980,UNIVERSITY OF SAN FRANCISCO,801,United States,37.7765141,-122.4506413,8
981,UNIVERSITY OF SANTO TOMAS,801,Philippines,14.609513199999999,120.9898338,8
982,UNIVERSITY OF SILESIA,801,Poland,50.260750099999996,19.0287157,8
983,UNIVERSITY OF THE PACIFIC,801,United States,37.979886900000004,-121.31285770000001,8
984,UNIVERSITY OF THE PUNJAB,801,Pakistan,31.47898409999999,74.2661627,8
985,UNIVERSITY OF THE SUNSHINE COAST,801,Australia,-26.7172175,153.064907,8
986,UNIVERSITY OF THE WESTERN CAPE,801,South Africa,-33.9335203,18.627958,8
987,UNIVERSITY OF WROCLAW,801,Poland,51.114005299999995,17.034463,8
988,UNIVERSITY OF ZAGREB,801,Croatia,45.81057029999999,15.9698015,8
989,UNIVERSITY POLITEHNICA OF BUCHAREST,801,Romania,44.438606400000005,26.0494925,8
990,UNIVERSITY TOULOUSE – JEAN JAURÈS,801,France,43.579522499999996,1.4032247,8
991,UTAH STATE UNIVERSITY,801,United States,41.745160999999996,-111.8097425,8
992,VELLORE INSTITUTE OF TECHNOLOGY (VIT),801,India,12.972067,79.1595619,8
993,VERONA UNIVERSITY,801,Italy,45.4370626,11.003632099999999,8
994,"VIETNAM NATIONAL UNIVERSITY, HANOI",801,Vietnam,21.037743,105.78141799999999,8
995,VORONEZH STATE UNIVERSITY,801,Russia,51.65667,39.206036,8
996,VYTAUTAS MAGNUS UNIVERSITY,801,Lithuania,54.89857289999999,23.9140947,8
997,WEST UNIVERSITY OF TIMISOARA,801,Romania,45.74711920000001,21.231614800000003,8
998,WROCLAW UNIVERSITY OF TECHNOLOGY,801,Poland,51.1078939,17.0616995,8
999,YEUNGNAM UNIVERSITY,801,South Korea,35.8322424,128.7575746,8
