,University,rank,Country,Size,Latitude,Longitude
0,MASSACHUSETTS INSTITUTE OF TECHNOLOGY (MIT),  1  ,United States,M,42.360091,-71.09416
1,STANFORD UNIVERSITY,  2  ,United States,L,37.4274745,-122.169719
2,HARVARD UNIVERSITY,  3  ,United States,L,42.3770029,-71.11666009999999
3,CALIFORNIA INSTITUTE OF TECHNOLOGY (CALTECH),  4  ,United States,S,34.1376576,-118.125269
4,UNIVERSITY OF OXFORD,  5  ,United Kingdom,L,51.7548164,-1.2543668
5,UNIVERSITY OF CAMBRIDGE,  6  ,United Kingdom,L,52.2042666,0.1149085
6,ETH ZURICH (SWISS FEDERAL INSTITUTE OF TECHNOLOGY),  7  ,Switzerland,L,47.376313,8.547669899999999
7,IMPERIAL COLLEGE LONDON,  8  ,United Kingdom,L,51.49879970000001,-0.1748772
8,UNIVERSITY OF CHICAGO,  9  ,United States,L,41.7886079,-87.5987133
9,UCL (UNIVERSITY COLLEGE LONDON),  10  ,United Kingdom,XL,51.52427530000001,-0.1333603
10,NATIONAL UNIVERSITY OF SINGAPORE (NUS),  11  ,Singapore,XL,1.2966426,103.7763939
11,NANYANG TECHNOLOGICAL UNIVERSITY (NTU),  12  ,Singapore,L,1.3483099,103.6831347
12,PRINCETON UNIVERSITY,  13  ,United States,M,40.3430942,-74.65507389999999
13,CORNELL UNIVERSITY,  14  ,United States,L,42.4534492,-76.4735027
14,YALE UNIVERSITY,  15  ,United States,L,41.3163244,-72.92234309999999
15,COLUMBIA UNIVERSITY,  16  ,United States,L,40.8075355,-73.9625727
16,TSINGHUA UNIVERSITY,  17  ,China,XL,39.9996674,116.3264439
17,UNIVERSITY OF EDINBURGH,  18  ,United Kingdom,L,55.9445158,-3.1892413
18,UNIVERSITY OF PENNSYLVANIA,  19  ,United States,L,39.9522188,-75.1932137
19,UNIVERSITY OF MICHIGAN,  20  ,United States,XL,42.2780436,-83.7382241
20,JOHNS HOPKINS UNIVERSITY,  21  ,United States,L,39.3299013,-76.6205177
21,ÉCOLE POLYTECHNIQUE FÉDÉRALE DE LAUSANNE (EPFL),  22  ,Switzerland,M,46.5190557,6.5667576
22,THE UNIVERSITY OF TOKYO,  23  ,Japan,L,35.7126775,139.761989
23,AUSTRALIAN NATIONAL UNIVERSITY (ANU),  24  ,Australia,L,-35.2776999,149.118527
24,UNIVERSITY OF HONG KONG (HKU),  25  ,Hong Kong,L,22.2829989,114.1370848
25,DUKE UNIVERSITY,  26  ,United States,L,36.0014258,-78.9382286
26,"UNIVERSITY OF CALIFORNIA, BERKELEY (UCB)",  27  ,United States,XL,37.8718992,-122.2585399
27,UNIVERSITY OF TORONTO,  28  ,Canada,XL,43.6628917,-79.39565640000001
28,THE UNIVERSITY OF MANCHESTER,  29  ,United Kingdom,XL,53.4668498,-2.2338837
29,PEKING UNIVERSITY,  30  ,China,XL,39.986913,116.3058739
30,KING'S COLLEGE LONDON (KCL),  31  ,United Kingdom,L,51.5114864,-0.115997
31,"UNIVERSITY OF CALIFORNIA, LOS ANGELES (UCLA)",  32  ,United States,XL,34.068921,-118.4451811
32,MCGILL UNIVERSITY,  33  ,Canada,L,,
33,NORTHWESTERN UNIVERSITY,  34  ,United States,L,42.0564594,-87.67526699999999
34,KYOTO UNIVERSITY,  35  ,Japan,L,35.0262444,135.7808218
35,SEOUL NATIONAL UNIVERSITY (SNU),  36  ,South Korea,L,37.459882,126.9519053
36,THE HONG KONG UNIVERSITY OF SCIENCE AND TECHNOLOGY (HKUST),  37  ,Hong Kong,M,22.3363998,114.2654655
37,LONDON SCHOOL OF ECONOMICS AND POLITICAL SCIENCE (LSE),  38  ,United Kingdom,M,51.5144388,-0.1164513
38,THE UNIVERSITY OF MELBOURNE,  39  ,Australia,XL,-37.7983459,144.960974
39,KAIST - KOREA ADVANCED INSTITUTE OF SCIENCE AND TECHNOLOGY,  40  ,South Korea,M,36.3721427,127.36039
40,"UNIVERSITY OF CALIFORNIA, SAN DIEGO (UCSD)",  41  ,United States,XL,32.8800604,-117.2340135
41,THE UNIVERSITY OF SYDNEY,  42  ,Australia,XL,-33.888584,151.1873473
42,NEW YORK UNIVERSITY (NYU),  43  ,United States,XL,40.72951339999999,-73.9964609
43,FUDAN UNIVERSITY,  44  ,China,XL,31.2974197,121.5036178
44,THE UNIVERSITY OF NEW SOUTH WALES (UNSW),  45  ,Australia,XL,-33.917347,151.2312675
45,CARNEGIE MELLON UNIVERSITY,  46  ,United States,L,40.4428081,-79.94301279999999
46,UNIVERSITY OF BRITISH COLUMBIA,  47  ,Canada,XL,49.26060520000001,-123.2459938
47,THE UNIVERSITY OF QUEENSLAND (UQ),  48  ,Australia,XL,-27.4975028,153.0136905
48,THE CHINESE UNIVERSITY OF HONG KONG (CUHK),  49  ,Hong Kong,L,22.4195827,114.2067604
49,PSL UNIVERSITY,  50  ,France,L,48.8546601,2.3378212
50,UNIVERSITY OF BRISTOL,  51  ,United Kingdom,L,51.4584172,-2.6029792
51,DELFT UNIVERSITY OF TECHNOLOGY,  52  ,Netherlands,L,52.0021256,4.3732982
52,UNIVERSITY OF WISCONSIN-MADISON,  53  ,United States,XL,43.076592,-89.4124875
53,THE UNIVERSITY OF WARWICK,  54  ,United Kingdom,L,52.3792525,-1.5614704
54,CITY UNIVERSITY OF HONG KONG,  55  ,Hong Kong,M,22.3366793,114.1724234
55,BROWN UNIVERSITY,  56  ,United States,M,41.8267718,-71.4025482
56,UNIVERSITY OF AMSTERDAM,  57  ,Netherlands,L,52.35581819999999,4.955726299999999
57,TOKYO INSTITUTE OF TECHNOLOGY,  58  ,Japan,M,35.6051229,139.6835302
58,MONASH UNIVERSITY,  59=,Australia,XL,-37.9105238,145.1362182
59,SHANGHAI JIAO TONG UNIVERSITY,  59=,China,XL,31.0252201,121.4337784
60,TECHNISCHE UNIVERSITÄT MÜNCHEN,  61  ,Germany,XL,48.14966,11.5678602
61,LUDWIG-MAXIMILIANS-UNIVERSITÄT MÜNCHEN,  62  ,Germany,XL,48.1504827,11.5802362
62,UNIVERSITY OF TEXAS AT AUSTIN,  63  ,United States,XL,30.2849185,-97.7340567
63,RUPRECHT-KARLS-UNIVERSITÄT HEIDELBERG,  64  ,Germany,L,49.4191402,8.670249199999999
64,ECOLE POLYTECHNIQUE,  65  ,France,S,48.7142971,2.2112917
65,UNIVERSITY OF WASHINGTON,  66  ,United States,XL,47.7589,-122.1906495
66,OSAKA UNIVERSITY,  67  ,Japan,L,34.8220139,135.5244676
67,ZHEJIANG UNIVERSITY,  68  ,China,XL,30.30868439999999,120.0864995
68,GEORGIA INSTITUTE OF TECHNOLOGY (GEORGIA TECH),  69=,United States,L,33.7756178,-84.39628499999999
69,UNIVERSITY OF GLASGOW,  69=,United Kingdom,L,55.87212109999999,-4.288200499999999
70,UNIVERSITY OF ILLINOIS AT URBANA-CHAMPAIGN,  71  ,United States,XL,40.1019523,-88.2271615
71,NATIONAL TAIWAN UNIVERSITY (NTU),  72  ,Taiwan,XL,25.0173405,121.5397518
72,UNIVERSIDAD DE BUENOS AIRES,  73  ,Argentina,XL,-34.5998875,-58.37306949999999
73,DURHAM UNIVERSITY,  74  ,United Kingdom,L,54.7649859,-1.5782029
74,SORBONNE UNIVERSITY,  75=,France,XL,48.8484556,2.3432774
75,THE UNIVERSITY OF SHEFFIELD,  75=,United Kingdom,L,53.3809409,-1.4879469
76,TOHOKU UNIVERSITY,  77  ,Japan,L,38.253834,140.874074
77,UNIVERSITY OF ZURICH,  78  ,Switzerland,L,47.3743221,8.550981199999999
78,UNIVERSITY OF BIRMINGHAM,  79=,United Kingdom,L,52.4508168,-1.9305135
79,UNIVERSITY OF COPENHAGEN,  79=,Denmark,XL,55.6802303,12.5724096
80,KATHOLIEKE UNIVERSITEIT LEUVEN,  81  ,Belgium,XL,50.87795449999999,4.7002953
81,THE UNIVERSITY OF NOTTINGHAM,  82  ,United Kingdom,L,52.938636,-1.1951582
82,POHANG UNIVERSITY OF SCIENCE AND TECHNOLOGY (POSTECH),  83=,South Korea,S,36.0138857,129.3231836
83,"UNIVERSITY OF NORTH CAROLINA, CHAPEL HILL",  83=,United States,L,35.9049122,-79.0469134
84,THE UNIVERSITY OF AUCKLAND,  85  ,New Zealand,L,-36.8523378,174.7691073
85,KOREA UNIVERSITY,  86  ,South Korea,L,37.590799,127.0277773
86,RICE UNIVERSITY,  87=,United States,M,29.7173941,-95.40183119999999
87,UNIVERSITI MALAYA (UM),  87=,Malaysia,L,3.1201011,101.6543993
88,OHIO STATE UNIVERSITY,  89  ,United States,XL,40.0068363,-83.0306222
89,LOMONOSOV MOSCOW STATE UNIVERSITY,  90  ,Russia,XL,55.70393490000001,37.5286696
90,THE UNIVERSITY OF WESTERN AUSTRALIA (UWA),  91  ,Australia,L,-31.98006869999999,115.817898
91,LUND UNIVERSITY,  92  ,Sweden,L,55.7119483,13.203493
92,BOSTON UNIVERSITY,  93=,United States,L,42.3504997,-71.1053991
93,UNIVERSITY OF LEEDS,  93=,United Kingdom,XL,53.8066815,-1.5550328
94,PENNSYLVANIA STATE UNIVERSITY,  95  ,United States,XL,40.7982133,-77.8599084
95,UNIVERSITY OF SOUTHAMPTON,  96  ,United Kingdom,L,50.9614912,-1.4252228
96,UNIVERSITY OF ST ANDREWS,  97  ,United Kingdom,M,56.3417136,-2.7942674
97,UNIVERSITY OF SCIENCE AND TECHNOLOGY OF CHINA,  98  ,China,L,31.821994,117.28059
98,EINDHOVEN UNIVERSITY OF TECHNOLOGY,  99  ,Netherlands,M,51.44860980000001,5.4907148
99,PURDUE UNIVERSITY,  100=,United States,XL,40.4237054,-86.92119459999999
100,SUNGKYUNKWAN UNIVERSITY,  100=,South Korea,L,37.588227,126.993606
101,"UNIVERSITY OF CALIFORNIA, DAVIS (UCD)",  100=,United States,XL,38.5382322,-121.7617125
102,WASHINGTON UNIVERSITY IN ST. LOUIS,  100=,United States,L,38.6487895,-90.31079620000001
103,"KTH, ROYAL INSTITUTE OF TECHNOLOGY",  104=,Sweden,L,59.34980649999999,18.0706646
104,TRINITY COLLEGE DUBLIN (TCD),  104=,Ireland,L,53.3437935,-6.254571599999999
105,THE HONG KONG POLYTECHNIC UNIVERSITY,  106  ,Hong Kong,L,22.3043097,114.1796242
106,YONSEI UNIVERSITY,  107  ,South Korea,L,37.565784,126.938572
107,UNIVERSITY OF GENEVA,  108  ,Switzerland,L,46.199444,6.1451157
108,UNIVERSITY OF ALBERTA,  109  ,Canada,XL,53.5232189,-113.5263186
109,UNIVERSITY OF HELSINKI,  110  ,Finland,L,60.1726348,24.9510419
110,NAGOYA UNIVERSITY,  111  ,Japan,L,35.1538518,136.9682397
111,TECHNICAL UNIVERSITY OF DENMARK,  112  ,Denmark,M,55.7855742,12.521381
112,UNIVERSIDAD NACIONAL AUTÓNOMA DE MÉXICO (UNAM),  113  ,Mexico,XL,19.3188895,-99.1843676
113,THE UNIVERSITY OF ADELAIDE,  114  ,Australia,L,-34.920603,138.6062277
114,UNIVERSITY OF SOUTHERN CALIFORNIA,  115  ,United States,XL,34.0223519,-118.285117
115,"KIT, KARLSRUHER INSTITUT FÜR TECHNOLOGIE",  116  ,Germany,L,49.0119199,8.4170303
116,UPPSALA UNIVERSITY,  117  ,Sweden,L,59.85090049999999,17.6300093
117,UNIVERSIDADE DE SÃO PAULO (USP),  118  ,Brazil,XL,-23.5613991,-46.7307891
118,QUEEN MARY UNIVERSITY OF LONDON (QMUL),  119  ,United Kingdom,L,51.5176409,-0.06086569999999999
119,UNIVERSITY OF GRONINGEN,  120  ,Netherlands,L,53.2192634,6.562987199999999
120,HUMBOLDT-UNIVERSITÄT ZU BERLIN,  121  ,Germany,XL,52.517883,13.3936551
121,LEIDEN UNIVERSITY,  122=,Netherlands,L,52.1571485,4.485209
122,NANJING UNIVERSITY,  122=,China,XL,32.0568391,118.7789602
123,UTRECHT UNIVERSITY,  124  ,Netherlands,XL,52.0901527,5.1226018
124,WAGENINGEN UNIVERSITY,  125  ,Netherlands,L,51.9845558,5.6657696
125,KYUSHU UNIVERSITY,  126=,Japan,L,33.6266584,130.4250445
126,"UNIVERSITY OF MARYLAND, COLLEGE PARK",  126=,United States,XL,38.9869183,-76.9425543
127,CHALMERS UNIVERSITY OF TECHNOLOGY,  128=,Sweden,M,57.6897063,11.9741654
128,HOKKAIDO UNIVERSITY,  128=,Japan,L,43.0779575,141.340013
129,FREIE UNIVERSITÄT BERLIN,  130  ,Germany,XL,52.45100060000001,13.2816511
130,LANCASTER UNIVERSITY,  131  ,United Kingdom,L,54.0103942,-2.7877294
131,PONTIFICIA UNIVERSIDAD CATÓLICA DE CHILE,  132=,Chile,L,-33.4411279,-70.6407933
132,"UNIVERSITY OF CALIFORNIA, SANTA BARBARA (UCSB)",  132=,United States,L,34.4139629,-119.848947
133,UNIVERSITY OF YORK,  134  ,United Kingdom,L,53.9461089,-1.0517718
134,UNIVERSITY OF OSLO,  135  ,Norway,L,59.9399586,10.7217496
135,UNIVERSITY OF PITTSBURGH,  136  ,United States,L,40.4443533,-79.960835
136,CENTRALESUPÉLEC,  137  ,France,S,48.7087594,2.1640062
137,UNIVERSITY OF GHENT,  138  ,Belgium,XL,51.0465619,3.727918099999999
138,UNIVERSITY OF BERN,  139  ,Switzerland,M,46.9504896,7.438119
139,AALTO UNIVERSITY,  140  ,Finland,M,60.1866693,24.827682
140,AARHUS UNIVERSITY,  141=,Denmark,L,56.1681384,10.2030118
141,MICHIGAN STATE UNIVERSITY,  141=,United States,XL,42.701848,-84.4821719
142,NEWCASTLE UNIVERSITY,  141=,United Kingdom,L,54.9791871,-1.6146608
143,RHEINISCH-WESTFÄLISCHE TECHNISCHE HOCHSCHULE AACHEN,  144  ,Germany,XL,50.7800778,6.065686899999999
144,CARDIFF UNIVERSITY,  145  ,United Kingdom,L,51.48662710000001,-3.1788641
145,MCMASTER UNIVERSITY,  146  ,Canada,L,43.260879,-79.9192254
146,TECHNISCHE UNIVERSITÄT BERLIN,  147  ,Germany,L,52.5125322,13.3269446
147,EMORY UNIVERSITY,  148  ,United States,L,33.7925195,-84.32399889999999
148,UNIVERSITÉ DE MONTRÉAL,  149=,Canada,XL,45.5056156,-73.61375919999999
149,UNIVERSITY OF LAUSANNE,  149=,Switzerland,L,46.5210895,6.5801606
150,HANYANG UNIVERSITY,  151=,South Korea,L,37.5572321,127.0453219
151,UNIVERSITY OF LIVERPOOL,  151=,United Kingdom,L,53.40478239999999,-2.965299
152,ÉCOLE NORMALE SUPÉRIEURE DE LYON,  153  ,France,S,45.72976569999999,4.8268064
153,HEBREW UNIVERSITY OF JERUSALEM,  154=,Israel,L,31.7945578,35.2414009
154,UNIVERSITY OF EXETER,  154=,United Kingdom,L,50.7371369,-3.5351475
155,POLITECNICO DI MILANO,  156=,Italy,XL,45.47809059999999,9.2282377
156,UNIVERSITY OF MINNESOTA,  156=,United States,XL,44.97399,-93.2277285
157,UNIVERSITY OF BATH,  158  ,United Kingdom,L,51.3782228,-2.3263987
158,UNIVERSIDAD AUTÓNOMA DE MADRID,  159  ,Spain,L,40.5466983,-3.6943619
159,UNIVERSITY OF BASEL,  160=,Switzerland,L,47.56025349999999,7.5826
160,UNIVERSITY OF TECHNOLOGY SYDNEY (UTS),  160=,Australia,L,-33.8832376,151.2004942
161,INDIAN INSTITUTE OF TECHNOLOGY BOMBAY (IITB),  162  ,India,M,19.1334302,72.9132679
162,NATIONAL TSING HUA UNIVERSITY,  163=,Taiwan,L,24.7947253,120.9932316
163,UNIVERSITY OF WATERLOO,  163=,Canada,XL,43.4722854,-80.5448576
164,UNIVERSITÉ CATHOLIQUE DE LOUVAIN (UCL),  165  ,Belgium,L,50.66968749999999,4.6155909
165,UNIVERSITAT DE BARCELONA (UB),  166  ,Spain,XL,41.386608,2.16402
166,SCUOLA SUPERIORE SANT'ANNA PISA,  167  ,Italy,S,43.7209661,10.4027859
167,EBERHARD KARLS UNIVERSITÄT TÜBINGEN,  168  ,Germany,L,48.5294782,9.043773999999999
168,"UNIVERSITY OF CALIFORNIA, IRVINE (UCI)",  169  ,United States,XL,33.6404952,-117.8442962
169,INDIAN INSTITUTE OF SCIENCE (IISC) BANGALORE,  170  ,India,S,13.0218597,77.5671423
170,UNIVERSITY OF BERGEN,  171  ,Norway,M,60.3878586,5.3217549
171,INDIAN INSTITUTE OF TECHNOLOGY DELHI (IITD),  172=,India,M,28.5449756,77.19262839999999
172,UNIVERSITY OF ABERDEEN,  172=,United Kingdom,L,57.16475999999999,-2.1015257
173,UNIVERSITY OF TWENTE,  172=,Netherlands,M,52.23979740000001,6.8499883
174,SCUOLA NORMALE SUPERIORE DI PISA,  175=,Italy,S,43.719601,10.40033
175,UNIVERSITÄT WIEN,  175=,Austria,XL,48.2196989,16.3515215
176,UNIVERSITY OF OTAGO,  175=,New Zealand,L,-45.8646835,170.5144227
177,TECNOLÓGICO DE MONTERREY (ITESM),  178  ,Mexico,L,25.6515649,-100.28954
178,ERASMUS UNIVERSITY ROTTERDAM,  179  ,Netherlands,L,51.91752,4.525585
179,QUEEN'S UNIVERSITY OF BELFAST,  180=,United Kingdom,L,54.5844087,-5.9340493
180,UNIVERSITÀ DI BOLOGNA (UNIBO),  180=,Italy,XL,44.4962318,11.354157
181,UNIVERSITY OF FLORIDA,  180=,United States,XL,29.6436325,-82.3549302
182,DARTMOUTH COLLEGE,  183  ,United States,M,43.7044406,-72.2886935
183,UNIVERSITI KEBANGSAAN MALAYSIA (UKM),  184=,Malaysia,L,3.1681251,101.7005373
184,UNIVERSITY OF ROCHESTER,  184=,United States,M,43.1305531,-77.6260033
185,CASE WESTERN RESERVE UNIVERSITY,  186=,United States,M,41.5043413,-81.6083838
186,UNIVERSITÄT FREIBURG,  186=,Germany,L,47.9935441,7.845949599999999
187,VRIJE UNIVERSITEIT BRUSSEL (VUB),  188  ,Belgium,M,50.821658,4.394886
188,KING FAHD UNIVERSITY OF PETROLEUM & MINERALS (KFUPM),  189  ,Saudi Arabia,M,26.3048047,50.1498042
189,UNIVERSITY OF COLORADO AT BOULDER,  190  ,United States,XL,40.00758099999999,-105.2659417
190,TECHNISCHE UNIVERSITÄT DRESDEN,  191  ,Germany,XL,51.02927340000001,13.7289964
191,UNIVERSITY OF VIRGINIA,  192  ,United States,L,38.0335529,-78.5079772
192,UNIVERSITAT AUTÓNOMA DE BARCELONA,  193=,Spain,XL,41.5019255,2.1048538
193,UNIVERSITY COLLEGE DUBLIN (UCD),  193=,Ireland,L,53.30823119999999,-6.224133
194,UNIVERSITY OF READING,  195=,United Kingdom,L,51.4414205,-0.9418157
195,VANDERBILT UNIVERSITY,  195=,United States,L,36.1447034,-86.8026551
196,GEORG-AUGUST-UNIVERSITÄT GÖTTINGEN,  197  ,Germany,XL,51.5408116,9.9374005
197,KEIO UNIVERSITY,  198  ,Japan,XL,35.6489643,139.7429376
198,TECHNISCHE UNIVERSITÄT WIEN,  199  ,Austria,L,48.1986546,16.3684626
199,STOCKHOLM UNIVERSITY,  200=,Sweden,L,59.3621737,18.057831
200,UNIVERSITY OF CAPE TOWN,  200=,South Africa,L,-33.95762680000001,18.4593354
201,UNIVERSITI PUTRA MALAYSIA (UPM),  202  ,Malaysia,L,2.9931517,101.7158722
202,TEXAS A&M UNIVERSITY,  203  ,United States,XL,30.618531,-96.33649899999999
203,RADBOUD UNIVERSITY NIJMEGEN,  204=,Netherlands,L,51.81670099999999,5.865272
204,UNIVERSIDADE ESTADUAL DE CAMPINAS (UNICAMP),  204=,Brazil,L,-22.8184393,-47.0647206
205,UNIVERSIDAD COMPLUTENSE DE MADRID (UCM),  206  ,Spain,XL,40.4454368,-3.7299424
206,UNIVERSITI SAINS MALAYSIA (USM),  207  ,Malaysia,L,5.1538434,100.4926583
207,NATIONAL CHIAO TUNG UNIVERSITY,  208=,Taiwan,M,24.7883959,120.999509
208,UNIVERSIDAD DE CHILE,  208=,Chile,XL,-33.4445204,-70.6509277
209,WASEDA UNIVERSITY,  208=,Japan,XL,35.7087334,139.7196485
210,MAASTRICHT UNIVERSITY,  211  ,Netherlands,L,50.8471422,5.686401699999999
211,ARIZONA STATE UNIVERSITY,  212=,United States,XL,33.4242399,-111.9280527
212,UNIVERSITY OF NOTRE DAME,  212=,United States,L,41.7055716,-86.2353388
213,"UNIVERSITY OF ILLINOIS, CHICAGO (UIC)",  214=,United States,L,41.8697938,-87.6496336
214,UNIVERSITY OF NEWCASTLE,  214=,Australia,L,-32.8927718,151.7041775
215,WESTERN UNIVERSITY,  214=,Canada,L,43.0095971,-81.2737336
216,SAPIENZA - UNIVERSITÀ DI ROMA,  217  ,Italy,XL,41.9037626,12.5144384
217,LOUGHBOROUGH UNIVERSITY,  218=,United Kingdom,L,52.7650814,-1.2320534
218,UNIVERSITY OF WOLLONGONG,  218=,Australia,L,-34.4054039,150.87843
219,AL-FARABI KAZAKH NATIONAL UNIVERSITY,  220  ,Kazakhstan,L,43.2252358,76.92191869999999
220,SCIENCES PO PARIS,  221=,France,M,48.8540917,2.3283745
221,VICTORIA UNIVERSITY OF WELLINGTON,  221=,New Zealand,L,-41.2904017,174.7686615
222,UNIVERSITÄT HAMBURG,  223=,Germany,L,53.5665641,9.984619499999999
223,UNIVERSITY OF ANTWERP,  223=,Belgium,L,51.2228097,4.4102318
224,UNIVERSITY OF LEICESTER,  223=,United Kingdom,L,52.6211393,-1.1246325
225,GEORGETOWN UNIVERSITY,  226  ,United States,L,38.9076089,-77.07225849999999
226,UNIVERSITY OF SUSSEX,  227  ,United Kingdom,L,50.86708950000001,-0.08791399999999999
227,UNIVERSITI TEKNOLOGI MALAYSIA (UTM),  228  ,Malaysia,L,2.149223,102.7721509
228,UNIVERSITY OF CALGARY,  229  ,Canada,XL,51.0775908,-114.140695
229,TEL AVIV UNIVERSITY,  230  ,Israel,L,32.1133141,34.8043877
230,KING ABDUL AZIZ UNIVERSITY (KAU),  231=,Saudi Arabia,XL,21.494102,39.232617
231,UNIVERSITY OF CANTERBURY,  231=,New Zealand,M,-43.5235375,172.5839233
232,VRIJE UNIVERSITEIT AMSTERDAM,  231=,Netherlands,L,52.3337568,4.8657199
233,NATIONAL CHENG KUNG UNIVERSITY,  234  ,Taiwan,L,22.9988416,120.2195148
234,SAINT-PETERSBURG STATE UNIVERSITY,  235  ,Russia,L,59.941894,30.2989199
235,ROYAL HOLLOWAY UNIVERSITY OF LONDON,  236  ,United Kingdom,M,51.425673,-0.5630625
236,AMERICAN UNIVERSITY OF BEIRUT (AUB),  237=,Lebanon,M,33.9008359,35.480744
237,TUFTS UNIVERSITY,  237=,United States,M,42.4074843,-71.1190232
238,QUEEN'S UNIVERSITY,  239=,Canada,L,44.2252795,-76.49514119999999
239,UNIVERSITÉ LIBRE DE BRUXELLES (ULB),  239=,Belgium,L,50.8132068,4.3822222
240,UNIVERSITÉ PARIS-SUD 11,  239=,France,L,48.6976847,2.1764839
241,UNIVERSIDAD DE NAVARRA,  242=,Spain,M,42.8014994,-1.6597421
242,UNIVERSITY OF MIAMI,  242=,United States,L,25.7216374,-80.2792805
243,NOVOSIBIRSK STATE UNIVERSITY,  244=,Russia,M,54.8477462,83.0943884
244,QUEENSLAND UNIVERSITY OF TECHNOLOGY (QUT),  244=,Australia,XL,-27.477357,153.028415
245,UNIVERSITY OF ARIZONA,  246  ,United States,XL,32.2318851,-110.9501094
246,TECHNION - ISRAEL INSTITUTE OF TECHNOLOGY,  247  ,Israel,L,32.7767783,35.0231271
247,UNIVERSITY OF SURREY,  248  ,United Kingdom,L,51.2427533,-0.5877755
248,UNIVERSITÀ DEGLI STUDI DI PADOVA (UNIPD),  249  ,Italy,XL,45.406766,11.8774462
249,CURTIN UNIVERSITY,  250=,Australia,L,-32.0061951,115.8944182
250,MACQUARIE UNIVERSITY,  250=,Australia,L,-33.77382370000001,151.1126498
251,RMIT UNIVERSITY,  250=,Australia,XL,-37.809286,144.9644092
252,TECHNISCHE UNIVERSITÄT DARMSTADT,  253=,Germany,L,49.8748277,8.6563281
253,UNIVERSIDAD CARLOS III DE MADRID,  253=,Spain,L,40.3325323,-3.7653171
254,RHEINISCHE FRIEDRICH-WILHELMS-UNIVERSITÄT BONN,  255  ,Germany,XL,50.7267715,7.0865227
255,KING SAUD UNIVERSITY (KSU),  256  ,Saudi Arabia,XL,24.7239539,46.6316125
256,NATIONAL TAIWAN UNIVERSITY OF SCIENCE AND TECHNOLOGY,  257=,Taiwan,M,25.0136906,121.5406792
257,WUHAN UNIVERSITY,  257=,China,XL,30.5360485,114.3643219
258,"UNIVERSITY OF MASSACHUSETTS, AMHERST",  259  ,United States,L,42.3867598,-72.5300515
259,"NATIONAL UNIVERSITY OF IRELAND, GALWAY (NUIG)",  260=,Ireland,L,53.2770243,-9.0614864
260,UNIVERSITÄT STUTTGART,  260=,Germany,L,48.78164719999999,9.1724985
261,UNIVERSITY OF TSUKUBA,  260=,Japan,L,36.1088927,140.1038105
262,ECOLE DES PONTS PARISTECH,  263  ,France,S,48.84057900000001,2.586968
263,INDIAN INSTITUTE OF TECHNOLOGY MADRAS (IITM),  264=,India,M,12.9914929,80.2336907
264,KYUNG HEE UNIVERSITY,  264=,South Korea,L,37.5961951,127.052544
265,SIMON FRASER UNIVERSITY,  264=,Canada,L,49.2780937,-122.9198833
266,UNIVERSITY OF SOUTH AUSTRALIA (UNISA),  264=,Australia,L,-34.9201652,138.6066669
267,UNIVERSITY OF STRATHCLYDE,  268  ,United Kingdom,L,55.862122,-4.2422851
268,UNIVERSITY OF EAST ANGLIA (UEA),  269=,United Kingdom,L,52.6219215,1.2391761
269,UNIVERSITY OF GOTHENBURG,  269=,Sweden,L,57.6981719,11.971878
270,CHULALONGKORN UNIVERSITY,  271  ,Thailand,XL,13.7397319,100.530832
271,UNIVERSIDAD DE LOS ANDES COLOMBIA,  272=,Colombia,L,4.6017869,-74.0660769
272,UNIVERSITY OF DUNDEE,  272=,United Kingdom,M,56.45824469999999,-2.9821428
273,UNIVERSITY OF WAIKATO,  274  ,New Zealand,M,-37.7868611,175.3184579
274,UNIVERSIDAD NACIONAL DE COLOMBIA,  275=,Colombia,XL,4.6381938,-74.08404639999999
275,UNIVERSITAT POLITÈCNICA DE CATALUNYA,  275=,Spain,L,41.388004,2.1132804
276,HONG KONG BAPTIST UNIVERSITY (HKBU),  277=,Hong Kong,M,22.3386388,114.1819316
277,TOMSK STATE UNIVERSITY,  277=,Russia,M,56.4694917,84.9478675
278,DALHOUSIE UNIVERSITY,  279=,Canada,L,44.63658119999999,-63.59165549999999
279,NORTH CAROLINA STATE UNIVERSITY,  279=,United States,L,35.7755001,-78.67339659999999
280,UNIVERSITÄT FRANKFURT AM MAIN,  279=,Germany,XL,50.1270675,8.6677635
281,UNIVERSITÄT INNSBRUCK,  279=,Austria,L,47.26335419999999,11.3838006
282,INDIAN INSTITUTE OF TECHNOLOGY KANPUR (IITK),  283=,India,M,26.5123388,80.2329
283,"RUTGERS - THE STATE UNIVERSITY OF NEW JERSEY, NEW BRUNSWICK",  283=,United States,XL,40.5008186,-74.44739910000001
284,HARBIN INSTITUTE OF TECHNOLOGY,  285=,China,L,45.7470436,126.6334306
285,UNIVERSITY OF TURKU,  285=,Finland,L,60.4562974,22.2851138
286,UNIVERSITY OF TASMANIA,  287  ,Australia,M,-42.9036462,147.325848
287,"SOAS - SCHOOL OF ORIENTAL AND AFRICAN STUDIES, UNIVERSITY OF LONDON",  288  ,United Kingdom,S,51.52235,-0.129259
288,UNIVERSITÉ GRENOBLE-ALPES (UGA),  289=,France,XL,45.1914198,5.7672724
289,UNIVERSITY OF OTTAWA,  289=,Canada,XL,45.42310639999999,-75.68313289999999
290,TONGJI UNIVERSITY,  291  ,China,XL,31.2627211,121.4598975
291,BEIJING NORMAL UNIVERSITY,  292=,China,L,39.9619537,116.3662615
292,NATIONAL YANG MING UNIVERSITY,  292=,Taiwan,S,25.123002,121.513702
293,UNIVERSITY OF INDONESIA,  292=,Indonesia,XL,-6.3627638,106.8270482
294,INDIAN INSTITUTE OF TECHNOLOGY KHARAGPUR (IITKGP),  295=,India,M,22.3149274,87.31053109999999
295,SUN YAT-SEN UNIVERSITY,  295=,China,XL,23.0965384,113.298883
296,UNIVERSITÉ PARIS DIDEROT - PARIS 7,  295=,France,L,48.8529498,2.3628863
297,UNIVERSITAT POMPEU FABRA,  298  ,Spain,L,41.3789689,2.179794100000001
298,BAUMAN MOSCOW STATE TECHNICAL UNIVERSITY,  299=,Russia,L,55.7659244,37.6855946
299,UNIVERSITÄT ERLANGEN-NÜRNBERG,  299=,Germany,XL,49.5978804,11.0045507
300,UNIVERSITÉ PARIS 1 PANTHÉON-SORBONNE,  299=,France,XL,48.8469373,2.344468
301,HERIOT-WATT UNIVERSITY,  302=,United Kingdom,M,55.9096602,-3.3203494
302,LINKÖPING UNIVERSITY,  302=,Sweden,L,58.3978364,15.5760072
303,UNIVERSITY OF HAWAII AT MĀNOA,  302=,United States,L,,
304,ECOLE NORMALE SUPÉRIEURE DE CACHAN,  305  ,France,S,48.78871909999999,2.3272147
305,"BIRKBECK COLLEGE, UNIVERSITY OF LONDON",  306=,United Kingdom,M,51.5219696,-0.1300479
306,UNIVERSITÄT KÖLN,  306=,Germany,XL,50.9281625,6.9288193
307,NATIONAL TAIWAN NORMAL UNIVERSITY,  308  ,Taiwan,M,25.0260598,121.5275321
308,DEAKIN UNIVERSITY,  309  ,Australia,XL,-38.1438148,144.3601864
309,UNIVERSIDAD POLITECNICA DE VALENCIA,  310=,Spain,L,39.4796686,-0.3458847
310,YESHIVA UNIVERSITY,  310=,United States,M,40.85067249999999,-73.9295149
311,MOSCOW INSTITUTE OF PHYSICS AND TECHNOLOGY STATE UNIVERSITY,  312  ,Russia,M,55.9297243,37.5199434
312,UNIVERSITY AT BUFFALO SUNY,  313=,United States,L,43.0008093,-78.7889697
313,XI'AN JIAOTONG UNIVERSITY,  313=,China,XL,34.250803,108.983693
314,GWANGJU INSTITUTE OF SCIENCE AND TECHNOLOGY (GIST),  315=,South Korea,S,35.2265288,126.839987
315,KHALIFA UNIVERSITY,  315=,United Arab Emirates,S,24.4473556,54.3949088
316,CHARLES UNIVERSITY,  317=,Czech Republic,XL,50.0871106,14.4234889
317,LINCOLN UNIVERSITY,  317=,New Zealand,S,-43.6436854,172.4677741
318,EWHA WOMANS UNIVERSITY,  319=,South Korea,L,37.5597476,126.9455228
319,TILBURG UNIVERSITY,  319=,Netherlands,M,51.5631406,5.0419736
320,HIROSHIMA UNIVERSITY,  321=,Japan,L,34.4020801,132.7138618
321,UNIVERSITY OF TARTU,  321=,Estonia,M,58.3810843,26.7198659
322,INDIANA UNIVERSITY BLOOMINGTON,  323=,United States,XL,39.1754487,-86.512627
323,UNIVERSITY OF BRUNEI DARUSSALAM,  323=,Brunei,S,4.972665,114.89397
324,UNIVERSITÀ DEGLI STUDI DI MILANO,  325  ,Italy,XL,45.4601435,9.194584299999999
325,NORTHEASTERN UNIVERSITY,  326=,United States,L,42.3398067,-71.0891717
326,UNIVERSITÄT JENA,  326=,Germany,L,50.9295513,11.5898195
327,UNIVERSITY OF PORTO,  328  ,Portugal,L,41.1465479,-8.6156998
328,GRIFFITH UNIVERSITY,  329=,Australia,XL,,
329,"NATIONAL RESEARCH NUCLEAR UNIVERSITY ""MEPHI"" (MOSCOW ENGINEERING PHYSICS INSTITUTE)",  329=,Russia,M,55.649567,37.6638742
330,WESTFÄLISCHE WILHELMS-UNIVERSITÄT MÜNSTER,  329=,Germany,XL,51.9645825,7.6139843
331,BRUNEL UNIVERSITY,  332=,United Kingdom,M,51.5324044,-0.4729931
332,MASSEY UNIVERSITY,  332=,New Zealand,L,-36.7323894,174.7027411
333,QATAR UNIVERSITY,  332=,Qatar,M,25.377281,51.49117099999999
334,UNIVERSITÄT ULM,  332=,Germany,M,48.4222305,9.955582
335,"UNIVERSITY OF CALIFORNIA, SANTA CRUZ (UCSC)",  336=,United States,L,36.9880503,-122.0582093
336,UNIVERSITY OF JYVÄSKYLÄ,  336=,Finland,M,62.23653170000001,25.7316336
337,NANKAI UNIVERSITY,  338=,China,L,39.10394429999999,117.1742232
338,UMEÅ UNIVERSITY,  338=,Sweden,L,63.82022240000001,20.3054461
339,UNIVERSITÄT MANNHEIM,  338=,Germany,M,49.48371059999999,8.4622333
340,UNIVERSITY COLLEGE CORK (UCC),  338=,Ireland,L,51.89211239999999,-8.493267099999999
341,VIRGINIA POLYTECHNIC INSTITUTE (VIRGINIA TECH),  338=,United States,XL,37.22838429999999,-80.42341669999999
342,AALBORG UNIVERSITY,  343=,Denmark,L,57.0145665,9.9818527
343,NATIONAL RESEARCH UNIVERSITY - HIGHER SCHOOL OF ECONOMICS (HSE),  343=,Russia,L,55.80343019999999,37.4099802
344,GEORGE WASHINGTON UNIVERSITY,  345=,United States,L,38.8997145,-77.0485992
345,RENSSELAER POLYTECHNIC INSTITUTE,  345=,United States,M,42.730172,-73.67880300000002
346,UNIVERSITY OF UTAH,  345=,United States,L,40.7649368,-111.8421021
347,UNIVERSITÉ DE STRASBOURG,  348  ,France,XL,48.5790692,7.766454499999999
348,STONY BROOK UNIVERSITY,  349  ,United States,L,40.9123761,-73.1233889
349,UNITED ARAB EMIRATES UNIVERSITY,  350  ,United Arab Emirates,M,24.200588,55.67603399999999
350,CITY UNIVERSITY LONDON,  351  ,United Kingdom,L,51.5278249,-0.1025445
351,KOBE UNIVERSITY,  352=,Japan,L,34.7257018,135.2336432
352,TOKYO MEDICAL AND DENTAL UNIVERSITY,  352=,Japan,S,35.7014781,139.7642268
353,BELARUS STATE UNIVERSITY,  354  ,Belarus,L,53.8938988,27.5460609
354,MOSCOW STATE INSTITUTE OF INTERNATIONAL RELATIONS – MGIMO UNIVERSITY,  355=,Russia,M,55.6728244,37.4846619
355,UNIVERSITY OF ESSEX,  355=,United Kingdom,L,51.87772589999999,0.9472069000000001
356,UNIVERSITY OF KENT,  355=,United Kingdom,L,51.297233,1.0632172
357,UNIVERSITY OF LISBON,  355=,Portugal,XL,38.7526578,-9.158244999999999
358,BANDUNG INSTITUTE OF TECHNOLOGY (ITB),  359=,Indonesia,L,-6.89148,107.6106591
359,UNIVERSITY OF VICTORIA,  359=,Canada,L,48.4634067,-123.3116935
360,UNIVERSIDADE FEDERAL DO RIO DE JANEIRO,  361  ,Brazil,XL,-22.9541412,-43.1753638
361,TAIPEI MEDICAL UNIVERSITY,  362  ,Taiwan,M,25.025354,121.561618
362,NORWEGIAN UNIVERSITY OF SCIENCE AND TECHNOLOGY,  363=,Norway,XL,63.41949899999999,10.4020771
363,OXFORD BROOKES UNIVERSITY,  363=,United Kingdom,L,51.755011,-1.224225
364,TECHNISCHE UNIVERSITÄT GRAZ,  363=,Austria,M,47.0691371,15.4503154
365,TAMPERE UNIVERSITY OF TECHNOLOGY,  366  ,Finland,M,61.44897999999999,23.8590618
366,UNIVERSIDAD AUSTRAL,  367=,Argentina,S,-34.455733,-58.859075
367,UNIVERSITY OF KANSAS,  367=,United States,L,38.9543439,-95.2557961
368,JAMES COOK UNIVERSITY (JCU),  369=,Australia,L,-19.3276927,146.7565073
369,PONTIFICIA UNIVERSIDAD CATÓLICA ARGENTINA SANTA MARÍA DE LOS BUENOS AIRES (UCA),  369=,Argentina,L,-34.61645740000001,-58.3657194
370,UNIVERSITY OF TROMSO,  369=,Norway,L,69.679788,18.9710079
371,RUHR-UNIVERSITÄT BOCHUM,  372  ,Germany,XL,51.44566589999999,7.261609300000001
372,TOMSK POLYTECHNIC UNIVERSITY,  373=,Russia,M,56.46524849999999,84.94968229999999
373,UNIVERSITY OF CONNECTICUT,  373=,United States,L,41.8077414,-72.2539805
374,UNIVERSITY OF ST GALLEN (HSG),  375  ,Switzerland,M,47.4321575,9.3755673
375,AMERICAN UNIVERSITY OF SHARJAH,  376=,United Arab Emirates,M,25.3120502,55.4927023
376,BOSTON COLLEGE,  376=,United States,L,42.3355488,-71.16849450000001
377,UNIVERSITY OF OULU,  376=,Finland,M,65.0593177,25.4662935
378,UNIVERSITY OF SOUTHERN DENMARK,  376=,Denmark,L,55.3689827,10.4282364
379,MAHIDOL UNIVERSITY,  380  ,Thailand,L,13.7945775,100.3234171
380,ASTON UNIVERSITY,  381=,United Kingdom,L,52.4868584,-1.8882174
381,INDIAN INSTITUTE OF TECHNOLOGY ROORKEE (IITR),  381=,India,M,29.8648599,77.89657869999999
382,UNIVERSITY OF THE WITWATERSRAND,  381=,South Africa,L,-26.1916888,28.0327614
383,UNIVERSIDAD DE BELGRANO,  384=,Argentina,M,-34.5639014,-58.4438185
384,"UNIVERSITY OF CALIFORNIA, RIVERSIDE (UCR)",  384=,United States,L,33.9737055,-117.3280644
385,UNIVERSITY OF THE PHILIPPINES,  384=,Philippines,XL,14.5979292,121.0107556
386,HUFS – HANKUK (KOREA) UNIVERSITY OF FOREIGN STUDIES,  387=,South Korea,L,37.597319,127.057843
387,POLITECNICO DI TORINO,  387=,Italy,XL,45.0303312,7.618613000000001
388,SWINBURNE UNIVERSITY OF TECHNOLOGY,  387=,Australia,L,-37.8221504,145.0389546
389,WAKE FOREST UNIVERSITY,  387=,United States,M,36.1340985,-80.2778951
390,UNIVERSITAS GADJAH MADA,  391=,Indonesia,XL,-7.7713847,110.3774998
391,UNIVERSITY OF LIEGE,  391=,Belgium,L,50.5830803,5.559063999999999
392,WASHINGTON STATE UNIVERSITY,  391=,United States,L,46.7319225,-117.1542121
393,L.N. GUMILYOV EURASIAN NATIONAL UNIVERSITY,  394=,Kazakhstan,L,51.157963,71.46741709999999
394,UNIVERSITY OF WARSAW,  394=,Poland,XL,52.2403463,21.0186012
395,"GOLDSMITHS, UNIVERSITY OF LONDON",  396  ,United Kingdom,M,51.47427099999999,-0.035408
396,CHUNG-ANG UNIVERSITY,  397=,South Korea,L,37.5050881,126.9571012
397,LA TROBE UNIVERSITY,  397=,Australia,L,-37.7206671,145.048414
398,PAKISTAN INSTITUTE OF ENGINEERING AND APPLIED SCIENCES (PIEAS),  397=,Pakistan,S,33.6562076,73.2643987
399,UNIVERSITÄT KONSTANZ,  397=,Germany,M,47.689426,9.1868777
400,UNIVERSITY OF COLORADO AT DENVER,  397=,United States,L,39.7463596,-105.002342
401,LAVAL UNIVERSITY,  402=,Canada,L,46.78174629999999,-71.2747424
402,NATIONAL SUN YAT-SEN UNIVERSITY,  402=,Taiwan,M,22.628388,120.264737
403,PETER THE GREAT ST.PETERSBURG POLYTECHNIC UNIVERSITY,  404  ,Russia,L,60.007357,30.372899
404,STELLENBOSCH UNIVERSITY,  405=,South Africa,L,-33.9328078,18.864447
405,UNIVERSIDADE NOVA DE LISBOA,  405=,Portugal,L,38.733682,-9.160333
406,BEN GURION UNIVERSITY OF THE NEGEV,  407=,Israel,L,31.262218,34.801461
407,JOHANNES GUTENBERG UNIVERSITÄT MAINZ,  407=,Germany,XL,49.9926403,8.241555199999999
408,UNIVERSIDAD EXTERNADO DE COLOMBIA,  407=,Colombia,L,4.595356199999999,-74.0685881
409,UNIVERSITY OF COIMBRA,  407=,Portugal,L,40.2089072,-8.424150899999999
410,JAGIELLONIAN UNIVERSITY,  411  ,Poland,XL,50.0609623,19.9341074
411,TULANE UNIVERSITY,  412=,United States,M,29.9407282,-90.12031669999999
412,UNIVERSIDAD DE ZARAGOZA,  412=,Spain,L,41.6420639,-0.9015065
413,URAL FEDERAL UNIVERSITY,  412=,Russia,L,56.8404249,60.6161195
414,HUAZHONG UNIVERSITY OF SCIENCE AND TECHNOLOGY,  415=,China,XL,30.508964,114.410577
415,NATIONAL CENTRAL UNIVERSITY,  415=,Taiwan,M,24.9679966,121.1922029
416,NATIONAL UNIVERSITY OF SCIENCES AND TECHNOLOGY (NUST) ISLAMABAD,  417=,Pakistan,M,33.6426205,72.992905
417,UNIVERSITY OF STIRLING,  417=,United Kingdom,M,56.1454119,-3.9205713
418,UNIVERSITY OF TENNESSEE,  419  ,United States,L,35.9544013,-83.92945639999999
419,AMERICAN UNIVERSITY IN CAIRO,  420=,Egypt,M,30.018923,31.499674
420,UNIVERSIDAD DE PALERMO,  420=,Argentina,M,-34.5972377,-58.4159956
421,DUBLIN CITY UNIVERSITY (DCU),  422=,Ireland,L,53.3860938,-6.2563686
422,SHANGHAI UNIVERSITY,  422=,China,XL,31.31480359999999,121.382746
423,UNIVERSITÀ DI PISA,  422=,Italy,XL,43.7167235,10.3988593
424,UNIVERSITÉ DE MONTPELLIER,  422=,France,XL,43.6316206,3.8634485
425,ILLINOIS INSTITUTE OF TECHNOLOGY,  426=,United States,M,41.8348731,-87.6270059
426,UNIVERSITÀ DEGLI STUDI DI TRENTO,  426=,Italy,L,46.0667967,11.1231165
427,UNIVERSITY OF TEXAS DALLAS,  426=,United States,L,32.9857619,-96.7500993
428,BRANDEIS UNIVERSITY,  429=,United States,M,42.3654796,-71.2587009
429,CHANG GUNG UNIVERSITY,  429=,Taiwan,M,25.0334479,121.3874856
430,THE UNIVERSITY OF GEORGIA,  431  ,United States,XL,33.9480053,-83.3773221
431,ABERYSTWYTH UNIVERSITY,  432=,United Kingdom,M,52.4177914,-4.0638842
432,DONGGUK UNIVERSITY,  432=,South Korea,L,37.558254,127.00015
433,SHARIF UNIVERSITY OF TECHNOLOGY,  432=,Iran,M,35.7036366,51.351593
434,BANGOR UNIVERSITY,  435=,United Kingdom,M,53.2295205,-4.1299873
435,SOGANG UNIVERSITY,  435=,South Korea,M,37.5509442,126.9410023
436,SWANSEA UNIVERSITY,  435=,United Kingdom,L,51.6092184,-3.9799524
437,UNIVERSITY OF IOWA,  435=,United States,L,41.6626963,-91.5548998
438,KAZAN FEDERAL UNIVERSITY,  439=,Russia,L,55.790447,49.1214349
439,UNIVERSITY OF DELAWARE,  439=,United States,L,39.6779504,-75.7506114
440,WAYNE STATE UNIVERSITY,  439=,United States,L,42.3591388,-83.06654619999999
441,UNIVERSITI TEKNOLOGI BRUNEI,  442  ,Brunei,S,4.977357599999999,114.8999212
442,BOND UNIVERSITY,  443=,Australia,S,-28.0730934,153.4166377
443,TIANJIN UNIVERSITY,  443=,China,XL,39.061004,117.142023
444,UNIVERSITY OF MACAU,  443=,Macau,M,22.130002,113.5457795
445,NATIONAL TECHNICAL UNIVERSITY OF ATHENS,  446=,Greece,L,37.9877159,23.7318586
446,RUDN UNIVERSITY,  446=,Russia,L,55.6505192,37.5019844
447,KING KHALID UNIVERSITY,  448=,Saudi Arabia,XL,18.2477261,42.5610112
448,KOÇ UNIVERSITY,  448=,Turkey,M,41.2053107,29.0724578
449,COLORADO STATE UNIVERSITY,  450=,United States,L,40.573436,-105.0865473
450,OREGON STATE UNIVERSITY,  450=,United States,L,44.5637806,-123.2794443
451,SULTAN QABOOS UNIVERSITY,  450=,Oman,M,23.5909657,58.17303219999999
452,CHRISTIAN-ALBRECHTS-UNIVERSITÄT ZU KIEL,  453=,Germany,L,54.3460549,10.1147022
453,UNIVERSITÉ AIX-MARSEILLE,  453=,France,XL,43.29362099999999,5.358066
454,"UNIVERSITY OF MARYLAND, BALTIMORE COUNTY",  453=,United States,M,39.2556759,-76.7109674
455,BILKENT UNIVERSITY,  456=,Turkey,M,39.8746147,32.7475962
456,HITOTSUBASHI UNIVERSITY,  456=,Japan,M,35.6944035,139.4454577
457,JOHANNES KEPLER UNIVERSITÄT LINZ (JKU),  456=,Austria,M,48.336614,14.319305
458,THE CATHOLIC UNIVERSITY OF KOREA,  456=,South Korea,M,37.5859218,127.0043275
459,YOKOHAMA CITY UNIVERSITY,  460  ,Japan,S,35.333358,139.6179662
460,CLARK UNIVERSITY,  461=,United States,S,42.2520314,-71.8234038
461,UNIVERSITÄT DES SAARLANDES,  461=,Germany,L,49.2550284,7.040975
462,UNIVERSITY OF SASKATCHEWAN,  461=,Canada,L,52.1334003,-106.6313582
463,AUCKLAND UNIVERSITY OF TECHNOLOGY,  464=,New Zealand,L,-36.8532194,174.7673188
464,BEIJING INSTITUTE OF TECHNOLOGY,  464=,China,L,39.9603704,116.3123886
465,CHIBA UNIVERSITY,  464=,Japan,L,35.6278093,140.1035063
466,CONCORDIA UNIVERSITY,  464=,Canada,XL,45.4945643,-73.5773775
467,KAZAKH NATIONAL TECHNICAL UNIVERSITY AFTER K.I.SATPAYEV,  464=,Kazakhstan,M,43.23644549999999,76.9297115
468,UNIVERSIDADE FEDERAL DE SÃO PAULO (UNIFESP),  464=,Brazil,L,-23.6835626,-46.628638
469,UNIVERSIDAD POLITÉCNICA DE MADRID,  470=,Spain,XL,40.4486372,-3.7192798
470,UNIVERSITY OF SZEGED,  470=,Hungary,L,46.2473322,20.1476209
471,FLORIDA STATE UNIVERSITY,  472=,United States,XL,30.4418778,-84.2984889
472,INDIAN INSTITUTE OF TECHNOLOGY GUWAHATI (IITG),  472=,India,M,26.187859,91.6915834
473,UNIVERSITÀ DEGLI STUDI DI NAPOLI FEDERICO II,  472=,Italy,XL,40.845492,14.2578058
474,JILIN UNIVERSITY,  475  ,China,XL,43.82572,125.2850161
475,"NATIONAL UNIVERSITY OF SCIENCE AND TECHNOLOGY ""MISIS""",  476=,Russia,M,55.7284221,37.6090764
476,XIAMEN UNIVERSITY,  476=,China,XL,24.4373484,118.097855
477,FLINDERS UNIVERSITY,  478=,Australia,L,-35.0244952,138.5713281
478,INSTITUT NATIONAL DES SCIENCES APPLIQUÉES DE LYON (INSA),  478=,France,M,45.7833244,4.8781984
479,M.O.AUEZOV SOUTH KAZAKHSTAN STATE UNIVERSITY,  480  ,Kazakhstan,L,42.3204206,69.590828
480,KAZAKH NATIONAL PEDAGOGICAL UNIVERSITY ABAI,  481=,Kazakhstan,S,43.256325,76.95518299999999
481,UCSI UNIVERSITY,  481=,Malaysia,M,3.0792365,101.7326034
482,UNIVERSIDAD DE ALCALÁ,  481=,Spain,L,40.4824722,-3.3628674
483,UNIVERSITY OF EASTERN FINLAND,  481=,Finland,M,62.896172,27.6413947
484,V.N. KARAZIN KHARKIV NATIONAL UNIVERSITY,  481=,Ukraine,L,50.004537,36.228139
485,YORK UNIVERSITY,  481=,Canada,XL,43.7734535,-79.50186839999999
486,UNIVERSITY OF DELHI,  487  ,India,L,28.6886406,77.2095641
487,VILNIUS UNIVERSITY,  488  ,Lithuania,L,54.6825757,25.2876469
488,IOWA STATE UNIVERSITY,  489=,United States,XL,42.0266187,-93.6464654
489,UNIVERSITÉ DE BORDEAUX,  489=,France,XL,44.8086048,-0.5935827
490,BEIHANG UNIVERSITY,  491=,China,L,39.980932,116.353453
491,"UNIVERSIDADE ESTADUAL PAULISTA ""JÚLIO DE MESQUITA FILHO""",  491=,Brazil,XL,-23.5479195,-46.6409507
492,UNIVERSITÀ CATTOLICA DEL SACRO CUORE,  491=,Italy,L,45.4635285,9.1741155
493,UNIVERSITY OF NEW MEXICO,  494  ,United States,L,35.0843187,-106.6197812
494,UNIVERSIDAD DE GRANADA,  495=,Spain,XL,37.1839398,-3.6010182
495,UNIVERSITÄT HOHENHEIM,  495=,Germany,M,48.7117184,9.211793
496,UNIVERSITY OF OKLAHOMA,  495=,United States,L,35.2058936,-97.4457137
497,AMIRKABIR UNIVERSITY OF TECHNOLOGY,  498=,Iran,M,35.70335430000001,51.40918
498,WESTERN SYDNEY UNIVERSITY,  498=,Australia,XL,-33.8453759,151.0710894
499,SINGAPORE MANAGEMENT UNIVERSITY,  500=,Singapore,M,1.2962727,103.8501578
500,TECHNISCHE UNIVERSITÄT BRAUNSCHWEIG,  500=,Germany,L,52.27398729999999,10.5289182
501,UNIVERSITÉ SAINT-JOSEPH DE BEYROUTH,  500=,Lebanon,M,33.8804164,35.5143022
502,UNIVERSITY OF SCIENCE AND TECHNOLOGY BEIJING,  500=,China,L,39.989458,116.356945
503,DREXEL UNIVERSITY,501-510,United States,L,39.9566127,-75.18994409999999
504,EAST CHINA NORMAL UNIVERSITY,501-510,China,L,31.227667,121.406829
505,HOWARD UNIVERSITY,501-510,United States,M,38.9226843,-77.0194377
506,LEHIGH UNIVERSITY,501-510,United States,M,40.6048687,-75.3775187
507,NATIONAL RESEARCH SARATOV STATE UNIVERSITY,501-510,Russia,M,51.53883039999999,46.0102597
508,PUSAN NATIONAL UNIVERSITY,501-510,South Korea,L,35.2335123,129.0810047
509,SABANCI UNIVERSITY,501-510,Turkey,S,40.8900895,29.3747953
510,UNIVERSIDAD DE COSTA RICA,501-510,Costa Rica,XL,9.936995099999999,-84.0510292
511,UNIVERSITÀ DEGLI STUDI DI FIRENZE (UNIFI),501-510,Italy,XL,43.7776426,11.259765
512,UNIVERSITY OF ULSAN,501-510,South Korea,L,35.5437411,129.2562843
513,ITMO UNIVERSITY,511-520,Russia,M,59.95723390000001,30.3081695
514,KUMAMOTO UNIVERSITY,511-520,Japan,M,32.8151827,130.727428
515,OKAYAMA UNIVERSITY,511-520,Japan,L,34.6871111,133.9222061
516,SOUTHEAST UNIVERSITY,511-520,China,XL,32.055981,118.79421
517,UNIVERSIDAD DE LA HABANA,511-520,Cuba,M,23.1368405,-82.3815061
518,UNIVERSIDAD DE SANTIAGO DE CHILE (USACH),511-520,Chile,L,-33.4495902,-70.6801949
519,UNIVERSITÁ DEGLI STUDI DI ROMA - TOR VERGATA,511-520,Italy,XL,41.8520309,12.6289995
520,UNIVERSITÄT BREMEN,511-520,Germany,L,53.10675800000001,8.852039999999999
521,UNIVERSITY OF LIMERICK (UL),511-520,Ireland,L,52.672582,-8.57676
522,CAIRO UNIVERSITY,521-530,Egypt,XL,30.0227646,31.2073201
523,JULIUS-MAXIMILIANS-UNIVERSITÄT WÜRZBURG,521-530,Germany,L,49.7881814,9.93526
524,LAPPEENRANTA UNIVERSITY OF TECHNOLOGY,521-530,Finland,S,61.06492609999999,28.0939882
525,NAGASAKI UNIVERSITY,521-530,Japan,M,32.785253,129.863167
526,PONTIFICIA UNIVERSIDAD JAVERIANA,521-530,Colombia,L,4.6284578,-74.06490769999999
527,RENMIN (PEOPLE’S) UNIVERSITY OF CHINA,521-530,China,L,39.9696062,116.3188145
528,UNIVERSITÉ PAUL SABATIER TOULOUSE III,521-530,France,L,43.5619687,1.4700537
529,UNIVERSITI TEKNOLOGI PETRONAS (PETRONAS),521-530,Malaysia,M,4.383642399999999,100.971438
530,UNIVERSITY OF SOUTH FLORIDA,521-530,United States,XL,28.0587031,-82.41385389999999
531,ABO AKADEMI UNIVERSITY,531-540,Finland,M,60.45098689999999,22.2776003
532,CZECH TECHNICAL UNIVERSITY IN PRAGUE,531-540,Czech Republic,L,50.1030364,14.3912841
533,EAST CHINA UNIVERSITY OF SCIENCE AND TECHNOLOGY,531-540,China,L,31.140897,121.425248
534,NEW SCHOOL UNIVERSITY,531-540,United States,M,40.7355074,-73.9942686
535,PONTIFICIA UNIVERSIDADE CATÓLICA DE SÃO PAULO (PUC-SP),531-540,Brazil,M,-23.5380275,-46.6709979
536,SOUTHERN FEDERAL UNIVERSITY,531-540,Russia,L,47.224719,39.728334
537,TARAS SHEVCHENKO NATIONAL UNIVERSITY OF KYIV,531-540,Ukraine,L,50.4420868,30.5104023
538,UNIVERSIDAD DE MONTEVIDEO,531-540,Uruguay,S,-34.8979585,-56.1603831
539,UNIVERSITÉ PANTHÉON-ASSAS (PARIS 2),531-540,France,L,48.8433032,2.3334127
540,UNIVERSITY OF AVEIRO,531-540,Portugal,L,40.6303024,-8.657506
541,UNIVERSITY OF VERMONT,531-540,United States,M,44.4778528,-73.1964637
542,AMERICAN UNIVERSITY,541-550,United States,L,38.9374948,-77.08880289999999
543,FAR EASTERN FEDERAL UNIVERSITY,541-550,Russia,L,43.117401,131.8925419
544,OSAKA CITY UNIVERSITY,541-550,Japan,M,34.5922806,135.5051119
545,SHANDONG UNIVERSITY,541-550,China,XL,36.64893,117.029014
546,SOUTH CHINA UNIVERSITY OF TECHNOLOGY,541-550,China,XL,23.151326,113.344683
547,UMM AL-QURA UNIVERSITY (UQU),541-550,Saudi Arabia,XL,21.3298361,39.9488891
548,UNIVERSITAT RAMON LLULL,541-550,Spain,L,41.411921,2.13122
549,UNIVERSITÉ DU QUÉBEC,541-550,Canada,XL,48.23057379999999,-79.0082905
550,UNIVERSITY OF CINCINNATI,541-550,United States,L,39.1329219,-84.51495039999999
551,INHA UNIVERSITY,551-560,South Korea,L,37.4500221,126.653488
552,JUSTUS-LIEBIG-UNIVERSITÄT GIEßEN,551-560,Germany,L,50.5804673,8.6771403
553,LEIBNIZ UNIVERSITÄT HANNOVER,551-560,Germany,L,52.3829641,9.7196989
554,MIDDLE EAST TECHNICAL UNIVERSITY,551-560,Turkey,L,39.8910203,32.7780027
555,PONTIFICIA UNIVERSIDAD CATÓLICA DEL PERÚ,551-560,Peru,L,-12.069512,-77.0793592
556,QUAID-I-AZAM UNIVERSITY,551-560,Pakistan,L,33.747648,73.13812100000001
557,SYRACUSE UNIVERSITY,551-560,United States,L,43.0391534,-76.1351158
558,UNIVERSITY OF JOHANNESBURG,551-560,South Africa,L,-26.1869922,28.0143522
559,UNIVERSITY OF KENTUCKY,551-560,United States,L,38.0306511,-84.5039697
560,UNIVERSITY OF NEBRASKA,551-560,United States,L,40.8201966,-96.70047629999999
561,AMERICAN UNIVERSITY IN DUBAI,561-570,United Arab Emirates,S,25.091209,55.1560728
562,ARISTOTLE UNIVERSITY OF THESSALONIKI,561-570,Greece,XL,40.6308283,22.9592224
563,INDIANA UNIVERSITY-PURDUE UNIVERSITY INDIANAPOLIS,561-570,United States,L,39.7738832,-86.1763393
564,KANAZAWA UNIVERSITY,561-570,Japan,M,36.5454425,136.7077503
565,KARL-FRANZENS-UNIVERSITÄT GRAZ,561-570,Austria,L,47.0777872,15.4499126
566,MARTIN-LUTHER-UNIVERSITÄT HALLE-WITTENBERG,561-570,Germany,L,51.4861319,11.9695315
567,NATIONAL TAIPEI UNIVERSITY OF TECHNOLOGY,561-570,Taiwan,M,25.0422329,121.5354974
568,UNIVERSITAT DE VALÈNCIA,561-570,Spain,XL,39.4793254,-0.3593863
569,UNIVERSITY OF PRETORIA,561-570,South Africa,XL,-25.7545492,28.2314476
570,UNIVERSITY OF SOUTH CAROLINA AT COLUMBIA,561-570,United States,XL,33.9937575,-81.0299186
571,BOĞAZIÇI ÜNIVERSITESI,571-580,Turkey,L,41.0847571,29.0510399
572,CHONBUK NATIONAL UNIVERSITY,571-580,South Korea,L,35.8441821,127.1292777
573,COVENTRY UNIVERSITY,571-580,United Kingdom,L,52.4071747,-1.5037461
574,DALIAN UNIVERSITY OF TECHNOLOGY,571-580,China,XL,38.880381,121.529021
575,MASARYK UNIVERSITY,571-580,Czech Republic,L,49.19862990000001,16.605384
576,SARAJEVO SCHOOL OF SCIENCE AND TECHNOLOGY,571-580,Bosnia and Herzegovina,S,43.8238535,18.3084046
577,TOKYO UNIVERSITY OF AGRICULTURE AND TECHNOLOGY,571-580,Japan,M,35.683648,139.4836492
578,UNIVERSITÀ DEGLI STUDI DI TORINO (UNITO),571-580,Italy,XL,45.06942799999999,7.6889006
579,UNIVERSITÄT REGENSBURG,571-580,Germany,L,48.9992339,12.0931658
580,UNIVERSITÉ PARIS DESCARTES,571-580,France,XL,48.8512215,2.3408287
581,COLLEGE OF WILLIAM & MARY,581-590,United States,M,37.271674,-76.71337799999999
582,IMAM ABDULRAHMAN BIN FAISAL UNIVERSITY (IAU) (FORMERLY UNIVERSITY OF DAMMAM),581-590,Saudi Arabia,L,26.3921608,50.1894618
583,INSTITUTO TECNOLÓGICO DE BUENOS AIRES (ITBA),581-590,Argentina,S,-34.6031933,-58.36778529999999
584,KONKUK UNIVERSITY,581-590,South Korea,L,37.5407625,127.0793428
585,UNIVERSIDAD ANAHUAC,581-590,Mexico,L,19.4062412,-99.26036619999999
586,UNIVERSIDADE DE SANTIAGO DE COMPOSTELA,581-590,Spain,L,42.8885225,-8.5449726
587,UNIVERSITÀ DEGLI STUDI DI PAVIA (UNIPV),581-590,Italy,L,45.1867055,9.1568417
588,UNIVERSITÄT LEIPZIG,581-590,Germany,L,51.3385738,12.3784615
589,UNIVERSITY OF GUELPH,581-590,Canada,L,43.5328929,-80.2262444
590,"UNIVERSITY OF MASSACHUSETTS, BOSTON",581-590,United States,L,42.3144915,-71.0373279
591,UNIVERSITY OF OREGON,581-590,United States,L,44.0448302,-123.0726055
592,VILNIUS GEDIMINAS TECHNICAL UNIVERSITY,581-590,Lithuania,M,54.7224678,25.3376688
593,HALLYM UNIVERSITY,591-600,South Korea,M,37.8862292,127.7377722
594,"KINGSTON UNIVERSITY, LONDON",591-600,United Kingdom,L,51.4291912,-0.26421
595,MICHIGAN TECHNOLOGICAL UNIVERSITY,591-600,United States,M,47.11677479999999,-88.54602179999999
596,MURDOCH UNIVERSITY,591-600,Australia,M,-32.0665135,115.8358313
597,UNIVERSIDAD DE SALAMANCA,591-600,Spain,L,40.9613376,-5.666925099999999
598,UNIVERSIDAD DE SAN ANDRÉS,591-600,Argentina,S,-34.44612,-58.529949
599,UNIVERSITY OF BALAMAND,591-600,Lebanon,M,34.3643747,35.7836648
600,UNIVERSITY OF BRADFORD,591-600,United Kingdom,M,53.7915488,-1.7662402
601,UNIVERSITY OF HULL,591-600,United Kingdom,L,53.773162,-0.3677464
602,UNIVERSITY OF HYDERABAD,591-600,India,S,17.4567372,78.32638399999999
603,"UNIVERSITY OF MISSOURI, COLUMBIA",591-600,United States,XL,38.9403808,-92.32773750000001
604,UNIVERSITY OF MONS,591-600,Belgium,M,50.4587714,3.9521652
605,ALTAI STATE UNIVERSITY,601-650,Russia,M,53.3482087,83.77578779999999
606,BAR-ILAN UNIVERSITY,601-650,Israel,L,32.0691989,34.8430876
607,CENTRAL QUEENSLAND UNIVERSITY,601-650,Australia,M,-23.3264685,150.5189408
608,CITY UNIVERSITY OF NEW YORK,601-650,United States,XL,40.8732506,-73.8936744
609,CLARKSON UNIVERSITY,601-650,United States,S,44.66376109999999,-74.998544
610,IRAN UNIVERSITY OF SCIENCE AND TECHNOLOGY,601-650,Iran,L,35.742474,51.5023103
611,JADAVPUR UNIVERSITY,601-650,India,M,22.4978411,88.3717181
612,KAGOSHIMA UNIVERSITY,601-650,Japan,M,31.5701295,130.5445715
613,KEELE UNIVERSITY,601-650,United Kingdom,M,53.00343729999999,-2.272053000000001
614,LANZHOU UNIVERSITY,601-650,China,L,36.0477699,103.8585624
615,LEBANESE AMERICAN UNIVERSITY,601-650,Lebanon,M,33.8929019,35.4778571
616,LINGNAN UNIVERSITY (HONG KONG),601-650,Hong Kong,S,22.40994,113.983212
617,LOBACHEVSKY STATE UNIVERSITY OF NIZHNI NOVGOROD,601-650,Russia,L,56.29867609999999,43.9810714
618,NATIONAL CHENGCHI UNIVERSITY,601-650,Taiwan,M,24.9864564,121.5756198
619,"NATIONAL TECHNICAL UNIVERSITY OF UKRAINE ""KYIV POLYTECHNIC INSTITUTE""",601-650,Ukraine,L,50.4488824,30.4572542
620,OSAKA PREFECTURE UNIVERSITY,601-650,Japan,M,34.5454666,135.5068517
621,PHILIPPS-UNIVERSITÄT MARBURG,601-650,Germany,L,50.8106859,8.7741641
622,PONTIFÍCIA UNIVERSIDADE CATÓLICA DO RIO DE JANEIRO - PUC - RIO,601-650,Brazil,L,-22.9793966,-43.2330873
623,"RUTGERS - THE STATE UNIVERSITY OF NEW JERSEY, NEWARK",601-650,United States,M,40.5008186,-74.44739910000001
624,SICHUAN UNIVERSITY,601-650,China,XL,30.663964,104.071022
625,SMITH COLLEGE,601-650,United States,S,42.3162992,-72.6403095
626,TALLINN UNIVERSITY OF TECHNOLOGY,601-650,Estonia,M,59.395884,24.671431
627,TAYLOR'S UNIVERSITY,601-650,Malaysia,M,3.063623,101.6173928
628,THAMMASAT UNIVERSITY,601-650,Thailand,XL,13.7574279,100.4899827
629,UNIVERSIDAD DE SEVILLA,601-650,Spain,XL,37.3807579,-5.9912307
630,UNIVERSIDAD DEL PAIS VASCO,601-650,Spain,XL,43.3309433,-2.9678921
631,UNIVERSIDAD NACIONAL DE LA PLATA,601-650,Argentina,XL,-34.9003257,-57.9317889
632,UNIVERSIDADE FEDERAL DE MINAS GERAIS,601-650,Brazil,XL,-19.870682,-43.9677359
633,UNIVERSIDADE FEDERAL DO RIO GRANDE DO SUL,601-650,Brazil,XL,-30.0335969,-51.2198396
634,UNIVERSITÄT BAYREUTH,601-650,Germany,L,49.9288196,11.585831
635,UNIVERSITÄT DUISBURG-ESSEN,601-650,Germany,XL,51.4639635,7.005545799999999
636,UNIVERSITÄT POTSDAM,601-650,Germany,L,52.4010314,13.0119098
637,UNIVERSITÉ CLAUDE BERNARD LYON 1,601-650,France,XL,45.7795871,4.8656025
638,UNIVERSITÉ DE FRIBOURG,601-650,Switzerland,M,46.806357,7.152006
639,UNIVERSITI UTARA MALAYSIA (UUM),601-650,Malaysia,L,6.457509600000001,100.5054318
640,UNIVERSITY OF CANBERRA,601-650,Australia,M,-35.2384551,149.0844455
641,UNIVERSITY OF DEBRECEN,601-650,Hungary,L,47.5535039,21.6214756
642,UNIVERSITY OF JORDAN,601-650,Jordan,XL,32.0160453,35.8695354
643,UNIVERSITY OF MANITOBA,601-650,Canada,XL,49.8075008,-97.1366259
644,UNIVERSITY OF MILANO-BICOCCA,601-650,Italy,XL,45.5184868,9.2130554
645,UNIVERSITY OF PLYMOUTH,601-650,United Kingdom,L,50.3761866,-4.139491899999999
646,UNIVERSITY OF PORTSMOUTH,601-650,United Kingdom,L,50.7951866,-1.0935923
647,UNIVERSITY OF TAMPERE,601-650,Finland,M,61.44897999999999,23.8590618
648,UNIVERSITY OF ULSTER,601-650,United Kingdom,L,55.0062362,-7.3236107
649,UNIVERSITY OF WESTMINSTER,601-650,United Kingdom,L,51.52058659999999,-0.141079
650,VIRGINIA COMMONWEALTH UNIVERSITY,601-650,United States,L,37.5483122,-77.4526805
651,WARSAW UNIVERSITY OF TECHNOLOGY,601-650,Poland,XL,52.2212012,21.0080857
652,WORCESTER POLYTECHNIC INSTITUTE,601-650,United States,M,42.27463669999999,-71.8063379
653,AJOU UNIVERSITY,651-700,South Korea,M,37.2828093,127.0463654
654,ATENEO DE MANILA UNIVERSITY,651-700,Philippines,M,14.6394505,121.0780915
655,BRNO UNIVERSITY OF TECHNOLOGY,651-700,Czech Republic,L,49.20171999999999,16.6033168
656,CARLETON UNIVERSITY,651-700,Canada,L,45.3875812,-75.69602019999999
657,CHARLES DARWIN UNIVERSITY,651-700,Australia,M,-12.3717852,130.8689199
658,CHIANG MAI UNIVERSITY,651-700,Thailand,XL,18.7957215,98.9523301
659,CHINA AGRICULTURAL UNIVERSITY,651-700,China,L,40.004202,116.352988
660,CHONNAM NATIONAL UNIVERSITY,651-700,South Korea,L,35.1761175,126.9058167
661,E.A.BUKETOV KARAGANDA STATE UNIVERSITY,651-700,Kazakhstan,M,49.7708253,73.1255132
662,GIFU UNIVERSITY,651-700,Japan,M,35.4662236,136.7365752
663,HOLY SPIRIT UNIVERSITY OF KASLIK,651-700,Lebanon,M,33.981943,35.618662
664,INSTITUTO POLITÉCNICO NACIONAL (IPN),651-700,Mexico,XL,19.4560151,-99.1656379
665,INSTITUTO TECNOLÓGICO AUTONOMO DE MÉXICO (ITAM),651-700,Mexico,M,19.3450908,-99.2001039
666,INTERNATIONAL ISLAMIC UNIVERSITY MALAYSIA (IIUM),651-700,Malaysia,L,3.2504767,101.7346695
667,ISTANBUL TECHNICAL UNIVERSITY,651-700,Turkey,XL,41.1055941,29.0253401
668,JORDAN UNIVERSITY OF SCIENCE AND TECHNOLOGY,651-700,Jordan,L,32.4950392,35.9912257
669,KAZAKH NATIONAL AGRARIAN UNIVERSITY,651-700,Kazakhstan,M,43.2419527,76.95287669999999
670,KAZAKH-BRITISH TECHNICAL UNIVERSITY,651-700,Kazakhstan,S,43.2551842,76.9431381
671,KYUNGPOOK NATIONAL UNIVERSITY,651-700,South Korea,L,35.888836,128.6102997
672,LOUISIANA STATE UNIVERSITY,651-700,United States,L,30.4132579,-91.1800023
673,MEMORIAL UNIVERSITY OF NEWFOUNDLAND,651-700,Canada,L,47.5737975,-52.7329053
674,NATIONAL AND KAPODISTRIAN UNIVERSITY OF ATHENS,651-700,Greece,XL,37.968196,23.7786871
675,NATIONAL CHUNG HSING UNIVERSITY,651-700,Taiwan,L,24.123552,120.675326
676,NIIGATA UNIVERSITY,651-700,Japan,L,37.8677088,138.9418977
677,PADJADJARAN UNIVERSITY,651-700,Indonesia,XL,-6.926132099999999,107.7746881
678,PALACKÝ UNIVERSITY IN OLOMOUC,651-700,Czech Republic,L,49.5954268,17.2600152
679,SEJONG UNIVERSITY,651-700,South Korea,L,37.5502596,127.073139
680,SOUTHERN METHODIST UNIVERSITY,651-700,United States,M,32.8412178,-96.78451749999999
681,STEVENS INSTITUTE OF TECHNOLOGY,651-700,United States,M,40.7448352,-74.0256924
682,TEMPLE UNIVERSITY,651-700,United States,XL,39.9811935,-75.1553512
683,TOKYO METROPOLITAN UNIVERSITY,651-700,Japan,M,35.6195382,139.3828392
684,UNIVERSIDAD DE CONCEPCIÓN,651-700,Chile,L,-36.8294765,-73.0341825
685,UNIVERSIDAD TORCUATO DI TELLA,651-700,Argentina,S,-34.5474028,-58.4467186
686,UNIVERSITÉ DE LILLE,651-700,France,XL,50.63165619999999,3.0752035
687,UNIVERSITÉ DE SHERBROOKE,651-700,Canada,L,45.3794876,-71.928546
688,UNIVERSITÉ NICE SOPHIA-ANTIPOLIS,651-700,France,L,43.7169594,7.2670603
689,UNIVERSITY AT ALBANY SUNY,651-700,United States,L,42.6850273,-73.8247903
690,UNIVERSITY OF BAGHDAD,651-700,Iraq,XL,33.3463639,44.3774022
691,UNIVERSITY OF CRETE,651-700,Greece,L,35.3073146,25.0826527
692,UNIVERSITY OF DENVER,651-700,United States,M,39.6766174,-104.9618965
693,UNIVERSITY OF HAIFA,651-700,Israel,L,32.7614296,35.0195184
694,UNIVERSITY OF HOUSTON,651-700,United States,XL,29.7199489,-95.3422334
695,UNIVERSITY OF LJUBLJANA,651-700,Slovenia,XL,46.0491938,14.5041552
696,UNIVERSITY OF MINHO,651-700,Portugal,L,41.5607319,-8.3962368
697,UNIVERSITY OF SEOUL,651-700,South Korea,M,37.5838657,127.0587771
698,UNIVERSITY OF SHARJAH,651-700,United Arab Emirates,L,25.2867708,55.4783714
699,UNIVERSITY OF WINDSOR,651-700,Canada,L,42.3043142,-83.06603899999999
700,UNIVERSITY OF WYOMING,651-700,United States,M,41.3148754,-105.5665744
701,VICTORIA UNIVERSITY,651-700,Australia,L,-37.793693,144.898734
702,ABU DHABI UNIVERSITY,701-750,United Arab Emirates,S,24.365309,54.562999
703,AIN SHAMS UNIVERSITY,701-750,Egypt,XL,30.0759774,31.28111879999999
704,ALPEN-ADRIA-UNIVERSITÄT KLAGENFURT,701-750,Austria,S,46.616079,14.2652899
705,BOGOR AGRICULTURAL UNIVERSITY,701-750,Indonesia,L,-6.5540816,106.7234284
706,BOURNEMOUTH UNIVERSITY,701-750,United Kingdom,L,50.74244729999999,-1.8961022
707,CHUNGNAM NATIONAL UNIVERSITY,701-750,South Korea,L,36.3679381,127.3442986
708,CLEMSON UNIVERSITY,701-750,United States,L,34.6738437,-82.8368654
709,DANKOOK UNIVERSITY,701-750,South Korea,L,37.3215984,127.1267503
710,EOTVOS LORAND UNIVERSITY,701-750,Hungary,L,47.4905698,19.0585445
711,GEORGIA STATE UNIVERSITY,701-750,United States,L,33.753068,-84.38528190000001
712,GUNMA UNIVERSITY,701-750,Japan,M,36.43098,139.0444672
713,HUNAN UNIVERSITY,701-750,China,XL,28.178915,112.94395
714,LAHORE UNIVERSITY OF MANAGEMENT SCIENCES (LUMS),701-750,Pakistan,S,31.4699781,74.4110872
715,MAYNOOTH UNIVERSITY,701-750,Ireland,M,53.38447799999999,-6.6011155
716,MISSOURI UNIVERSITY OF SCIENCE AND TECHNOLOGY,701-750,United States,M,37.9537078,-91.7756271
717,"NATIONAL TECHNICAL UNIVERSITY ""KHARKIV POLYTECHNIC INSTITUTE""",701-750,Ukraine,L,49.9990019,36.2498081
718,NORTHUMBRIA UNIVERSITY AT NEWCASTLE,701-750,United Kingdom,L,54.9767623,-1.6074983
719,SAMARA NATIONAL RESEARCH UNIVERSITY (SAMARA UNIVERSITY),701-750,Russia,M,53.213399,50.1757406
720,SHANGHAI INTERNATIONAL STUDIES UNIVERSITY,701-750,China,L,31.229618,121.418586
721,TECHNISCHE UNIVERSITÄT DORTMUND,701-750,Germany,XL,51.4921902,7.4141362
722,TEXAS TECH UNIVERSITY,701-750,United States,XL,33.5842591,-101.8782822
723,UNIVERSIDAD ADOLFO IBÁÑEZ,701-750,Chile,M,-33.4884091,-70.518318
724,UNIVERSIDAD DE ANTIOQUIA,701-750,Colombia,XL,6.2677479,-75.5688416
725,UNIVERSIDAD DE SAN FRANCISCO DE QUITO,701-750,Ecuador,M,-0.19689,-78.4357443
726,UNIVERSIDAD IBEROAMERICANA (UIA),701-750,Mexico,L,19.3700458,-99.2638791
727,UNIVERSIDADE FEDERAL DE SÃO CARLOS,701-750,Brazil,L,-21.9838521,-47.8815359
728,UNIVERSITÀ DEGLI STUDI DI FERRARA,701-750,Italy,L,44.8334299,11.6262692
729,UNIVERSITÀ DEGLI STUDI DI GENOVA,701-750,Italy,L,44.4149029,8.926743000000002
730,UNIVERSITÀ DEGLI STUDI DI SIENA (UNISI),701-750,Italy,M,43.3191797,11.3329627
731,UNIVERSITÀ DEGLI STUDI DI TRIESTE (UNITS),701-750,Italy,L,45.6585478,13.7932365
732,UNIVERSITÄT BIELEFELD,701-750,Germany,L,52.0367238,8.4952413
733,UNIVERSITÄT DÜSSELDORF,701-750,Germany,XL,51.1888113,6.794503
734,UNIVERSITÄT ROSTOCK,701-750,Germany,L,54.0755448,12.1035044
735,UNIVERSITÉ DE RENNES 1,701-750,France,L,48.1159299,-1.67296
736,UNIVERSITI TENAGA NASIONAL (UNITEN),701-750,Malaysia,M,2.9767553,101.7336879
737,UNIVERSITY OF ALABAMA,701-750,United States,XL,33.2140233,-87.5391418
738,UNIVERSITY OF BRESCIA,701-750,Italy,M,45.537837,10.217297
739,UNIVERSITY OF EAST LONDON,701-750,United Kingdom,M,51.5076024,0.0650809
740,UNIVERSITY OF GREENWICH,701-750,United Kingdom,L,51.4829308,-0.006994999999999999
741,UNIVERSITY OF HUDDERSFIELD,701-750,United Kingdom,L,53.643727,-1.7787888
742,UNIVERSITY OF KUFA,701-750,Iraq,L,32.0205692,44.3751184
743,UNIVERSITY OF PATRAS,701-750,Greece,L,38.28923,21.785369
744,UNIVERSITY OF PÉCS,701-750,Hungary,L,46.0741828,18.237722
745,UNIVERSITY OF TEHRAN,701-750,Iran,XL,35.7022192,51.39573069999999
746,UNIVERSITY OF TULSA,701-750,United States,S,36.1519879,-95.946
747,VIETNAM NATIONAL UNIVERSITY - HO CHI MINH CITY (VNU-HCM),701-750,Vietnam,XL,10.8686093,106.7963008
748,YAMAGUCHI UNIVERSITY,701-750,Japan,M,34.1485756,131.4678693
749,YOKOHAMA NATIONAL UNIVERSITY,701-750,Japan,M,35.4723189,139.5917861
750,ZAYED UNIVERSITY,701-750,United Arab Emirates,M,25.1034537,55.3846482
751,AIRLANGGA UNIVERSITY,751-800,Indonesia,L,-7.2720192,112.7587376
752,ANNA UNIVERSITY,751-800,India,L,13.0108831,80.2353768
753,BEIJING FOREIGN STUDIES UNIVERSITY,751-800,China,M,39.955302,116.307359
754,BEIJING JIAOTONG UNIVERSITY,751-800,China,L,39.952371,116.347005
755,BEIJING UNIVERSITY OF TECHNOLOGY,751-800,China,L,39.871611,116.479529
756,COMENIUS UNIVERSITY IN BRATISLAVA,751-800,Slovakia,L,48.14119179999999,17.1159646
757,COMSATS INSTITUTE OF INFORMATION TECHNOLOGY,751-800,Pakistan,XL,33.6518263,73.1565933
758,DUBLIN INSTITUTE OF TECHNOLOGY (DIT),751-800,Ireland,L,53.3371436,-6.268236600000001
759,EDITH COWAN UNIVERSITY (ECU),751-800,Australia,L,-31.9193097,115.8684886
760,GERMAN JORDANIAN UNIVERSITY,751-800,Jordan,S,31.7760931,35.8039878
761,"JAMIA MILLIA ISLAMIA, NEW DELHI",751-800,India,M,28.5620257,77.2827147
762,KANSAS STATE UNIVERSITY,751-800,United States,L,39.1974437,-96.5847249
763,KARAGANDA STATE TECHNICAL UNIVERSITY,751-800,Kazakhstan,M,49.8186051,73.10439749999999
764,KAUNAS UNIVERSITY OF TECHNOLOGY,751-800,Lithuania,M,54.898991,23.912825
765,KENT STATE UNIVERSITY,751-800,United States,L,41.1490629,-81.34146489999999
766,LONDON METROPOLITAN UNIVERSITY,751-800,United Kingdom,M,51.551617,-0.110715
767,LONDON SOUTH BANK UNIVERSITY,751-800,United Kingdom,M,51.4979806,-0.1023327
768,MANIPAL UNIVERSITY,751-800,India,L,13.3533424,74.7849078
769,MIDDLESEX UNIVERSITY,751-800,United Kingdom,L,51.59013789999999,-0.228914
770,NAGOYA INSTITUTE OF TECHNOLOGY (NIT),751-800,Japan,M,35.1572112,136.9249986
771,NATIONAL UNIVERSITY LVIV POLYTECHNIC,751-800,Ukraine,L,49.83546,24.0143929
772,NEW JERSEY INSTITUTE OF TECHNOLOGY (NJIT),751-800,United States,M,40.7423345,-74.1793409
773,OKLAHOMA STATE UNIVERSITY,751-800,United States,L,36.1270236,-97.07372219999999
774,PARIS LODRON UNIVERSITÄT SALZBURG,751-800,Austria,L,47.79722959999999,13.0479826
775,PONTIFICIA UNIVERSIDAD CATÓLICA DE VALPARAÍSO,751-800,Chile,L,-33.044407,-71.60587199999999
776,RIGA TECHNICAL UNIVERSITY,751-800,Latvia,M,56.9472011,24.1051693
777,SLOVAK UNIVERSITY OF TECHNOLOGY IN BRATISLAVA,751-800,Slovakia,L,48.1547031,17.1175266
778,SOPHIA UNIVERSITY,751-800,Japan,L,35.6835627,139.7325889
779,SUMY STATE UNIVERSITY,751-800,Ukraine,M,50.8918344,34.8432391
780,TOKYO UNIVERSITY OF SCIENCE,751-800,Japan,L,35.6997801,139.7414708
781,UNIVERSIDAD AUTÓNOMA METROPOLITANA (UAM),751-800,Mexico,XL,19.3623565,-99.07285159999999
782,UNIVERSIDAD CENTRAL DE VENEZUELA (UCV),751-800,Venezuela,XL,10.4883502,-66.8891696
783,UNIVERSIDAD DE GUADALAJARA (UDG),751-800,Mexico,XL,20.6748751,-103.3589671
784,UNIVERSIDAD DE LAS AMÉRICAS PUEBLA (UDLAP),751-800,Mexico,M,19.0548945,-98.28452039999999
785,UNIVERSIDAD NACIONAL COSTA RICA,751-800,Costa Rica,L,9.998686099999999,-84.11118580000002
786,UNIVERSIDAD PANAMERICANA (UP),751-800,Mexico,M,19.3731731,-99.1836532
787,"UNIVERSIDADE CATÓLICA PORTUGUESA, LISBOA",751-800,Portugal,M,38.749231,-9.166027
788,UNIVERSIDADE DE BRASÍLIA,751-800,Brazil,XL,-15.7631573,-47.8706311
789,UNIVERSIDADE FEDERAL DE SANTA CATARINA,751-800,Brazil,XL,-27.6007034,-48.5191775
790,UNIVERSITÀ CA' FOSCARI VENEZIA,751-800,Italy,L,45.434532,12.326197
791,UNIVERSITÀ DEGLI STUDI DI PERUGIA,751-800,Italy,L,43.1164268,12.3868984
792,UNIVERSITI TEKNOLOGI MARA (UITM),751-800,Malaysia,XL,3.0675831,101.4992361
793,UNIVERSITY OF BRIGHTON,751-800,United Kingdom,L,50.8485742,-0.1119343
794,UNIVERSITY OF CENTRAL FLORIDA,751-800,United States,XL,28.6024274,-81.2000599
795,UNIVERSITY OF ELECTRONIC SCIENCE AND TECHNOLOGY OF CHINA,751-800,China,XL,30.673684,104.098246
796,UNIVERSITY OF HERTFORDSHIRE,751-800,United Kingdom,L,51.76136839999999,-0.2482228
797,UNIVERSITY OF KWAZULU-NATAL,751-800,South Africa,XL,-29.8674219,30.9807272
798,UNIVERSITY OF NEW HAMPSHIRE,751-800,United States,L,43.138948,-70.9370252
799,UNIVERSITY OF SALFORD,751-800,United Kingdom,L,53.4864432,-2.273396
800,UNIVERSITY OF SOUTHERN QUEENSLAND,751-800,Australia,L,-27.6043593,151.9303905
801,ADAM MICKIEWICZ UNIVERSITY,  801-1000,Poland,XL,52.4083974,16.9154021
802,AGH UNIVERSITY OF SCIENCE AND TECHNOLOGY,  801-1000,Poland,L,50.06688579999999,19.9136192
803,AJMAN UNIVERSITY,  801-1000,United Arab Emirates,M,25.4122955,55.5065758
804,AL AKHAWAYN UNIVERSITY IFRANE,  801-1000,Morocco,S,33.5393836,-5.1057953
805,AL AZHAR UNIVERSITY,  801-1000,Egypt,XL,30.05933,31.31302
806,ALEXANDRIA UNIVERSITY,  801-1000,Egypt,XL,31.2105164,29.9132281
807,ALEXANDRU IOAN CUZA UNIVERSITY,  801-1000,Romania,L,47.1739612,27.5721063
808,"ALIGARH MUSLIM UNIVERSITY (AMU), ALIGARH",  801-1000,India,L,27.9135016,78.0781901
809,AL-IMAM MOHAMED IBN SAUD ISLAMIC UNIVERSITY,  801-1000,Saudi Arabia,XL,24.8135951,46.7019289
810,AMITY UNIVERSITY,  801-1000,India,L,28.5439106,77.3333123
811,AMRITA UNIVERSITY,  801-1000,India,L,10.9026791,76.9006279
812,ANKARA ÜNIVERSITESI,  801-1000,Turkey,XL,39.934855,32.8338615
813,AOYAMA GAKUIN UNIVERSITY,  801-1000,Japan,L,35.6603742,139.7095579
814,ASSIUT UNIVERSITY,  801-1000,Egypt,XL,27.1889161,31.1685948
815,ATHENS UNIVERSITY OF ECONOMICS AND BUSINESS,  801-1000,Greece,M,37.9940805,23.7324354
816,AUBURN UNIVERSITY,  801-1000,United States,L,32.5933574,-85.4951663
817,AUSTRALIAN CATHOLIC UNIVERSITY,  801-1000,Australia,L,-37.8074982,144.9778998
818,BABES-BOLYAI UNIVERSITY,  801-1000,Romania,XL,46.7677955,23.5912762
819,BAKU STATE UNIVERSITY,  801-1000,Azerbaijan,L,40.3745524,49.81144579999999
820,BANARAS HINDU UNIVERSITY,  801-1000,India,L,25.3176452,82.9739144
821,BANGLADESH UNIVERSITY OF ENGINEERING AND TECHNOLOGY,  801-1000,Bangladesh,M,23.7261021,90.3919298
822,BAYLOR UNIVERSITY,  801-1000,United States,L,31.5497007,-97.1143046
823,BELARUSIAN NATIONAL TECHNICAL UNIVERSITY,  801-1000,Belarus,L,53.9210216,27.5930322
824,BENEMÉRITA UNIVERSIDAD AUTÓNOMA DE PUEBLA,  801-1000,Mexico,XL,19.0420883,-98.1951141
825,BINGHAMTON UNIVERSITY SUNY,  801-1000,United States,L,42.0893553,-75.9697049
826,BIRLA INSTITUTE OF TECHNOLOGY AND SCIENCE,  801-1000,India,M,28.3588163,75.58802039999999
827,BIRZEIT UNIVERSITY,  801-1000,Palestinian Territory,L,31.9591925,35.1820071
828,BRIGHAM YOUNG UNIVERSITY,  801-1000,United States,XL,40.2518435,-111.6493156
829,BUDAPEST UNIVERSITY OF TECHNOLOGY AND ECONOMICS,  801-1000,Hungary,L,47.4813261,19.0554834
830,CENTRAL SOUTH UNIVERSITY,  801-1000,China,XL,28.16437,112.93251
831,CHARLES STURT UNIVERSITY,  801-1000,Australia,L,-35.0584168,147.3537117
832,CHONGQING UNIVERSITY,  801-1000,China,XL,29.56488,106.468097
833,CORVINUS UNIVERSITY OF BUDAPEST,  801-1000,Hungary,M,47.4859617,19.0579744
834,CRACOW UNIVERSITY OF TECHNOLOGY,  801-1000,Poland,L,50.0720444,19.9427961
835,DE LA SALLE UNIVERSITY,  801-1000,Philippines,L,14.5647294,120.9931816
836,DIPONEGORO UNIVERSITY,  801-1000,Indonesia,XL,-7.0511282,110.4409009
837,DOSHISHA UNIVERSITY,  801-1000,Japan,L,35.0300916,135.7606883
838,EDINBURGH NAPIER UNIVERSITY,  801-1000,United Kingdom,M,55.933459,-3.2118371
839,ESCUELA SUPERIOR POLITÉCNICA DEL LITORAL - ESPOL,  801-1000,Ecuador,M,-2.1481458,-79.9644885
840,FENG CHIA UNIVERSITY,  801-1000,Taiwan,L,24.178824,120.6466926
841,FLORIDA INTERNATIONAL UNIVERSITY,  801-1000,United States,XL,25.7563028,-80.3757191
842,FORDHAM UNIVERSITY,  801-1000,United States,L,40.8620404,-73.88569869999999
843,FU JEN CATHOLIC UNIVERSITY,  801-1000,Taiwan,L,25.032609,121.4340543
844,GAZI ÜNIVERSITESI,  801-1000,Turkey,XL,39.94202190000001,32.823005
845,GEORGE MASON UNIVERSITY,  801-1000,United States,L,38.8314936,-77.3114889
846,HACETTEPE UNIVERSITY,  801-1000,Turkey,XL,39.8675202,32.734754
847,ISTANBUL UNIVERSITY,  801-1000,Turkey,XL,41.0126037,28.961838
848,KASETSART UNIVERSITY,  801-1000,Thailand,XL,13.8475687,100.5696191
849,KAZAKH ABLAI KHAN UNIVERSITY OF INTERNATIONAL RELATIONS AND WORLD LANGUAGES,  801-1000,Kazakhstan,M,43.243604,76.92042099999999
850,KHON KAEN UNIVERSITY,  801-1000,Thailand,XL,16.4741162,102.8278044
851,KING FAISAL UNIVERSITY,  801-1000,Saudi Arabia,XL,25.3405347,49.599911
852,KING MONGKUT'S UNIVERSITY OF TECHNOLOGY THONBURI,  801-1000,Thailand,L,13.6510248,100.4953802
853,KUWAIT UNIVERSITY,  801-1000,Kuwait,XL,29.3406199,47.9212797
854,KYOTO INSTITUTE OF TECHNOLOGY,  801-1000,Japan,S,35.0497801,135.7820295
855,KYUSHU INSTITUTE OF TECHNOLOGY,  801-1000,Japan,M,33.8924508,130.8403409
856,LODZ UNIVERSITY OF TECHNOLOGY,  801-1000,Poland,L,51.7537146,19.4517176
857,LOYOLA UNIVERSITY CHICAGO,  801-1000,United States,L,41.8973263,-87.62515049999999
858,MANCHESTER METROPOLITAN UNIVERSITY,  801-1000,United Kingdom,L,53.4704767,-2.2394124
859,MARQUETTE UNIVERSITY,  801-1000,United States,M,43.038473,-87.93044549999999
860,MEIJI UNIVERSITY,  801-1000,Japan,XL,35.6972422,139.7615346
861,MIAMI UNIVERSITY,  801-1000,United States,L,39.5105334,-84.73087679999999
862,MULTIMEDIA UNIVERSITY (MMU),  801-1000,Malaysia,M,2.9276384,101.6420577
863,MUSTANSIRIYAH UNIVERSITY,  801-1000,Iraq,XL,33.3667833,44.4033336
864,NATIONAL CHUNG CHENG UNIVERSITY,  801-1000,Taiwan,M,23.5633761,120.4728831
865,NICOLAUS COPERNICUS UNIVERSITY,  801-1000,Poland,L,53.0195187,18.5711994
866,NORTH-WEST UNIVERSITY,  801-1000,South Africa,XL,-26.690468,27.0931653
867,NOTRE DAME UNIVERSITY - LOUAIZE (NDU),  801-1000,Lebanon,M,33.9517438,35.6159377
868,NOTTINGHAM TRENT UNIVERSITY,  801-1000,United Kingdom,L,52.958068,-1.1539858
869,NOVOSIBIRSK STATE TECHNICAL UNIVERSITY,  801-1000,Russia,L,54.9870631,82.91507059999999
870,OCHANOMIZU UNIVERSITY,  801-1000,Japan,S,35.71879,139.7321363
871,OHIO UNIVERSITY,  801-1000,United States,L,39.324358,-82.10138889999999
872,PLEKHANOV RUSSIAN UNIVERSITY OF ECONOMICS,  801-1000,Russia,L,55.7273504,37.6276697
873,PONTIFICIA UNIVERSIDAD CATÓLICA DEL ECUADOR,  801-1000,Ecuador,L,-0.2094502,-78.4918206
874,PONTIFÍCIA UNIVERSIDADE CATÓLICA DO RIO GRANDE DO SUL,  801-1000,Brazil,M,-30.0593446,-51.1734912
875,POZNAN UNIVERSITY OF TECHNOLOGY,  801-1000,Poland,L,52.3941095,16.91838
876,PRINCE OF SONGKLA UNIVERSITY,  801-1000,Thailand,XL,7.0064179,100.4992064
877,RHODES UNIVERSITY,  801-1000,South Africa,M,-33.3135911,26.5163135
878,RIGA STRADINS UNIVERSITY,  801-1000,Latvia,M,56.9536064,24.0547336
879,RITSUMEIKAN UNIVERSITY,  801-1000,Japan,XL,35.0325561,135.7233044
880,RYERSON UNIVERSITY,  801-1000,Canada,XL,43.6576585,-79.3788017
881,SAITAMA UNIVERSITY,  801-1000,Japan,M,35.8623007,139.6072773
882,SAN DIEGO STATE UNIVERSITY,  801-1000,United States,XL,32.77572170000001,-117.0718893
883,SAVITRIBAI PHULE PUNE UNIVERSITY,  801-1000,India,M,18.5530759,73.82459349999999
884,SEOUL NATIONAL UNIVERSITY OF SCIENCE AND TECHNOLOGY,  801-1000,South Korea,M,37.6316684,127.0774813
885,SEPULUH NOPEMBER INSTITUTE OF TECHNOLOGY,  801-1000,Indonesia,L,-7.2823728,112.7948972
886,SHAHID BEHESHTI UNIVERSITY TEHRAN,  801-1000,Iran,L,35.7990628,51.3946864
887,SHINSHU UNIVERSITY,  801-1000,Japan,M,36.25000259999999,137.9788675
888,SHIRAZ UNIVERSITY,  801-1000,Iran,L,29.6459731,52.4940247
889,SIBERIAN FEDERAL UNIVERSITY,  801-1000,Russia,L,56.00429,92.771924
890,"SOFIA UNIVERSITY ""ST. KLIMENT OHRIDSKI""",  801-1000,Bulgaria,L,42.6935079,23.3347928
891,SOUTH URAL STATE UNIVERSITY,  801-1000,Russia,L,55.16049,61.3702001
892,SOUTHERN CROSS UNIVERSITY,  801-1000,Australia,M,-28.81799,153.297815
893,TALLINN UNIVERSITY,  801-1000,Estonia,M,59.438742,24.771645
894,TECHNICAL UNIVERSITY OF KOSICE,  801-1000,Slovakia,M,48.73046979999999,21.2455912
895,TECNOLÓGICO DE COSTA RICA -TEC,  801-1000,Costa Rica,M,9.857247,-83.912313
896,THAPAR UNIVERSITY,  801-1000,India,M,30.3529716,76.3710378
897,THE ROBERT GORDON UNIVERSITY,  801-1000,United Kingdom,M,57.11808139999999,-2.1442173
898,TOKAI UNIVERSITY,  801-1000,Japan,L,35.6644464,139.6845412
899,UNIVERSIDAD AUSTRAL DE CHILE,  801-1000,Chile,L,-39.8061639,-73.2516591
900,UNIVERSIDAD AUTÓNOMA DE NUEVO LEÓN (UANL),  801-1000,Mexico,XL,25.726406,-100.3119038
901,UNIVERSIDAD AUTÓNOMA DEL ESTADO DE MÉXICO,  801-1000,Mexico,XL,19.2841203,-99.6779989
902,UNIVERSIDAD CATÓLICA ANDRÉS BELLO - UCAB,  801-1000,Venezuela,L,10.4642,-66.97579999999999
903,UNIVERSIDAD DE CASTILLA-LA MANCHA,  801-1000,Spain,L,38.99404390000001,-3.9204979
904,UNIVERSIDAD DE LA REPÚBLICA (UDELAR),  801-1000,Uruguay,XL,-34.9027846,-56.1764619
905,UNIVERSIDAD DE LA SABANA,  801-1000,Colombia,L,4.8615787,-74.0325368
906,UNIVERSIDAD DE LOS ANDES MÉRIDA,  801-1000,Venezuela,XL,8.606862099999999,-71.145264
907,UNIVERSIDAD DE MONTERREY,  801-1000,Mexico,M,25.661072,-100.4204357
908,UNIVERSIDAD DE MURCIA,  801-1000,Spain,L,38.01875100000001,-1.16938
909,UNIVERSIDAD DE OVIEDO,  801-1000,Spain,L,43.3617187,-5.846269800000001
910,UNIVERSIDAD DE PUERTO RICO,  801-1000,Puerto Rico,XL,18.4028091,-66.05004070000001
911,UNIVERSIDAD DE TALCA,  801-1000,Chile,M,-35.4042675,-71.6353226
912,UNIVERSIDAD DE VALPARAÍSO,  801-1000,Chile,L,-33.0406346,-71.62544729999999
913,UNIVERSIDAD DEL NORTE,  801-1000,Colombia,L,11.0194794,-74.8504209
914,UNIVERSIDAD DEL ROSARIO,  801-1000,Colombia,M,4.6005021,-74.0733518
915,UNIVERSIDAD DEL VALLE,  801-1000,Colombia,L,3.3759439,-76.5333902
916,UNIVERSIDAD DIEGO PORTALES,  801-1000,Chile,L,-33.4498654,-70.6616465
917,UNIVERSIDAD EAFIT,  801-1000,Colombia,L,6.199548,-75.57934
918,UNIVERSIDAD INDUSTRIAL DE SANTANDER,  801-1000,Colombia,L,7.140089,-73.1205516
919,UNIVERSIDAD LATINOAMERICANA DE CIENCIA Y TECNOLOGÍA COSTA RICA (ULACIT),  801-1000,Costa Rica,S,9.9412355,-84.0774429
920,UNIVERSIDAD METROPOLITANA,  801-1000,Venezuela,M,10.4996231,-66.7843297
921,UNIVERSIDAD NACIONAL DE CÓRDOBA,  801-1000,Argentina,XL,-31.4354855,-64.1855702
922,UNIVERSIDAD NACIONAL DE CUYO,  801-1000,Argentina,XL,-32.880732,-68.8779859
923,UNIVERSIDAD NACIONAL DE MAR DEL PLATA,  801-1000,Argentina,L,-38.0053709,-57.57089999999999
924,UNIVERSIDAD NACIONAL DE ROSARIO,  801-1000,Argentina,XL,-32.95027290000001,-60.636032
925,UNIVERSIDAD NACIONAL DEL LITORAL,  801-1000,Argentina,XL,-31.6350243,-60.7052163
926,UNIVERSIDAD NACIONAL MAYOR DE SAN MARCOS,  801-1000,Peru,XL,-12.0560257,-77.0844226
927,UNIVERSIDAD PERUANA CAYETANO HEREDIA,  801-1000,Peru,M,-12.0239471,-77.0564991
928,UNIVERSIDAD REY JUAN CARLOS,  801-1000,Spain,XL,40.3358661,-3.8769432
929,UNIVERSIDAD SIMÓN BOLÍVAR VENEZUELA,  801-1000,Venezuela,M,10.408363,-66.8755735
930,UNIVERSIDAD TÉCNICA FEDERICO SANTA MARÍA,  801-1000,Chile,L,-33.0352386,-71.5967794
931,UNIVERSIDAD TECNOLÓGICA DE PANAMÁ (UTP),  801-1000,Panama,L,9.0238187,-79.53153979999999
932,UNIVERSIDAD TECNOLÓGICA NACIONAL (UTN),  801-1000,Argentina,XL,-34.6045381,-58.37278139999999
933,UNIVERSIDADE DA CORUÑA,  801-1000,Spain,L,43.369464,-8.4199065
934,UNIVERSIDADE DE VIGO,  801-1000,Spain,L,42.1697632,-8.6845784
935,UNIVERSIDADE DO ESTADO DO RIO DE JANEIRO (UERJ),  801-1000,Brazil,XL,-22.9111511,-43.2360028
936,UNIVERSIDADE ESTADUAL DE LONDRINA,  801-1000,Brazil,L,-23.3241912,-51.2003547
937,UNIVERSIDADE FEDERAL DA BAHIA,  801-1000,Brazil,L,-13.003676,-38.5100127
938,UNIVERSIDADE FEDERAL DE SANTA MARIA,  801-1000,Brazil,L,-29.7215514,-53.7183606
939,UNIVERSIDADE FEDERAL DE VIÇOSA,  801-1000,Brazil,L,-20.7571599,-42.8733118
940,UNIVERSIDADE FEDERAL DO CEARÁ (UFC),  801-1000,Brazil,L,-3.7484821,-38.5766456
941,UNIVERSIDADE FEDERAL DO PARANÁ (UFPR),  801-1000,Brazil,XL,-25.4269081,-49.2617658
942,UNIVERSIDADE FEDERAL DO PERNAMBUCO,  801-1000,Brazil,XL,-8.051838499999999,-34.9507485
943,UNIVERSIDADE FEDERAL FLUMINENSE,  801-1000,Brazil,XL,-22.90308,-43.11671399999999
944,UNIVERSITÀ DEGLI STUDI DI CATANIA (UNICT),  801-1000,Italy,L,37.5035647,15.0864981
945,UNIVERSITÀ DEGLI STUDI DI MODENA E REGGIO EMILIA,  801-1000,Italy,L,44.6451046,10.9279268
946,UNIVERSITÀ DEGLI STUDI ROMA TRE,  801-1000,Italy,XL,41.862585,12.479095
947,UNIVERSITÀ  DEGLI STUDI DI PALERMO,  801-1000,Italy,L,38.11779,13.369838
948,UNIVERSITÉ DE CAEN BASSE-NORMANDIE,  801-1000,France,L,49.192609,-0.3641243
949,UNIVERSITÉ DE CERGY-PONTOISE,  801-1000,France,L,49.0390787,2.0763107
950,UNIVERSITÉ DE LORRAINE,  801-1000,France,XL,49.120343,6.162798
951,UNIVERSITÉ DE NANTES,  801-1000,France,XL,47.2095499,-1.5559718
952,UNIVERSITÉ DE POITIERS,  801-1000,France,L,46.58569809999999,0.3457981
953,UNIVERSITÉ JEAN MOULIN LYON 3,  801-1000,France,L,45.7471823,4.859748499999999
954,UNIVERSITÉ LUMIÈRE LYON 2,  801-1000,France,L,45.7507892,4.8371651
955,UNIVERSITÉ PARIS OUEST NANTERRE LA DÉFENSE,  801-1000,France,XL,48.9042905,2.2134565
956,UNIVERSITÉ PAUL-VALÉRY MONTPELLIER 3,  801-1000,France,L,43.6324414,3.870243
957,"UNIVERSITÉ TOULOUSE 1, CAPITOLE",  801-1000,France,L,43.6067724,1.4371122
958,UNIVERSITY OF ARKANSAS,  801-1000,United States,L,36.0686895,-94.1748471
959,UNIVERSITY OF BABYLON,  801-1000,Iraq,L,32.3938547,44.3981083
960,UNIVERSITY OF BAHRAIN,  801-1000,Bahrain,L,26.0509509,50.513423
961,UNIVERSITY OF BARI,  801-1000,Italy,L,41.1205546,16.8684745
962,UNIVERSITY OF BELGRADE,  801-1000,Serbia,XL,44.8184339,20.4575676
963,UNIVERSITY OF BRAWIJAYA,  801-1000,Indonesia,XL,-7.952504299999999,112.6138604
964,UNIVERSITY OF BUCHAREST,  801-1000,Romania,XL,44.4355381,26.1011433
965,UNIVERSITY OF CALCUTTA,  801-1000,India,L,22.5750862,88.3629188
966,UNIVERSITY OF CENTRAL LANCASHIRE,  801-1000,United Kingdom,L,53.7641378,-2.7092453
967,UNIVERSITY OF COLOMBO,  801-1000,Sri Lanka,L,6.9000149,79.8587938
968,UNIVERSITY OF DHAKA,  801-1000,Bangladesh,XL,23.7339937,90.39278399999999
969,UNIVERSITY OF ENGINEERING & TECHNOLOGY (UET) LAHORE,  801-1000,Pakistan,L,31.5799244,74.3563183
970,UNIVERSITY OF GDANSK,  801-1000,Poland,L,54.3961355,18.5743202
971,UNIVERSITY OF LATVIA,  801-1000,Latvia,L,56.95080979999999,24.1163132
972,UNIVERSITY OF LODZ,  801-1000,Poland,L,51.77207749999999,19.4740065
973,UNIVERSITY OF MARIBOR,  801-1000,Slovenia,L,46.5591885,15.6433073
974,UNIVERSITY OF MISSISSIPPI,  801-1000,United States,L,34.3647324,-89.538443
975,UNIVERSITY OF MONTANA MISSOULA,  801-1000,United States,M,46.8600672,-113.9852081
976,UNIVERSITY OF MUMBAI,  801-1000,India,XL,18.9293321,72.8310376
977,UNIVERSITY OF NAIROBI,  801-1000,Kenya,L,-1.2803586,36.8162641
978,UNIVERSITY OF NEW ENGLAND,  801-1000,Australia,L,-30.4899535,151.6410199
979,UNIVERSITY OF SAN DIEGO,  801-1000,United States,M,32.7719191,-117.188213
980,UNIVERSITY OF SAN FRANCISCO,  801-1000,United States,M,37.7765141,-122.4506413
981,UNIVERSITY OF SANTO TOMAS,  801-1000,Philippines,XL,14.6095132,120.9898338
982,UNIVERSITY OF SILESIA,  801-1000,Poland,L,50.2607501,19.0287157
983,UNIVERSITY OF THE PACIFIC,  801-1000,United States,M,37.9798869,-121.3128577
984,UNIVERSITY OF THE PUNJAB,  801-1000,Pakistan,XL,31.47898409999999,74.2661627
985,UNIVERSITY OF THE SUNSHINE COAST,  801-1000,Australia,M,-26.7172175,153.064907
986,UNIVERSITY OF THE WESTERN CAPE,  801-1000,South Africa,L,-33.9335203,18.627958
987,UNIVERSITY OF WROCLAW,  801-1000,Poland,L,51.1140053,17.034463
988,UNIVERSITY OF ZAGREB,  801-1000,Croatia,XL,45.81057029999999,15.9698015
989,UNIVERSITY POLITEHNICA OF BUCHAREST,  801-1000,Romania,L,44.4386064,26.0494925
990,UNIVERSITY TOULOUSE – JEAN JAURÈS,  801-1000,France,L,43.5795225,1.4032247
991,UTAH STATE UNIVERSITY,  801-1000,United States,L,41.745161,-111.8097425
992,VELLORE INSTITUTE OF TECHNOLOGY (VIT),  801-1000,India,XL,12.972067,79.1595619
993,VERONA UNIVERSITY,  801-1000,Italy,L,45.4370626,11.0036321
994,"VIETNAM NATIONAL UNIVERSITY, HANOI",  801-1000,Vietnam,XL,21.037743,105.781418
995,VORONEZH STATE UNIVERSITY,  801-1000,Russia,L,51.65667,39.206036
996,VYTAUTAS MAGNUS UNIVERSITY,  801-1000,Lithuania,M,54.8985729,23.9140947
997,WEST UNIVERSITY OF TIMISOARA,  801-1000,Romania,L,45.7471192,21.2316148
998,WROCLAW UNIVERSITY OF TECHNOLOGY,  801-1000,Poland,L,51.1078939,17.0616995
999,YEUNGNAM UNIVERSITY,  801-1000,South Korea,L,35.8322424,128.7575746
1000,BAYLOR COLLEGE OF MEDICINE,,United States,S,29.71052899999999,-95.39624099999999
1001,BI NORWEGIAN BUSINESS SCHOOL,,Norway,L,59.9484015,10.7685565
1002,CENTRAL EUROPEAN UNIVERSITY,,Hungary,S,47.5005395,19.04958
1003,COPENHAGEN BUSINESS SCHOOL,,Denmark,L,55.681611,12.529679
1004,CRANFIELD UNIVERSITY,,United Kingdom,S,52.0746136,-0.6282833
1005,ESCP EUROPE,,France,S,48.8642811,2.3807013
1006,"ESSEC BUSINESS SCHOOL, PARIS",,France,M,48.89282499999999,2.239322
1007,"GRENOBLE INP, GRENOBLE INSTITUTE OF TECHNOLOGY",,France,M,45.1911358,5.7173208
1008,HEC PARIS,,France,S,48.7573476,2.1694207
1009,INSEAD (FRANCE),,France,S,48.4056186,2.6861667
1010,JAWAHARLAL NEHRU UNIVERSITY,,India,M,28.540214,77.1661949
1011,KAROLINSKA INSTITUTE,,Sweden,M,59.34814839999999,18.0236579
1012,KING ABDULLAH UNIVERSITY OF SCIENCE & TECHNOLOGY (KAUST),,Saudi Arabia,S,22.309465,39.104697
1013,LONDON BUSINESS SCHOOL,,United Kingdom,S,51.5261552,-0.160668
1014,STOCKHOLM SCHOOL OF ECONOMICS,,Sweden,S,59.34161820000001,18.0567906
1015,UNIVERSITÀ COMMERCIALE LUIGI BOCCONI,,Italy,L,45.4485736,9.189945
1016,"UNIVERSITÉ DE TECHNOLOGIE, COMPIÈGNE (UTC)",,France,S,49.4152242,2.8191144
1017,"UNIVERSITY OF CALIFORNIA, SAN FRANCISCO (UCSF)",,United States,S,37.7630512,-122.4578094
1018,"UNIVERSITY OF ECONOMICS, PRAGUE",,Czech Republic,L,50.0842288,14.4412041
1019,WEIZMANN INSTITUTE OF SCIENCE,,Israel,S,31.9045055,34.8083407
1020,WHU OTTO BEISHEIM SCHOOL OF MANAGEMENT - KOBLENZ,,Germany,S,50.4003254,7.613506600000001
